test,cost,coverage,pastFaults, newFaults
4101,6.0,2,0,8
248,332.0,16,0,14
3029,352.0,17,0,16
3997,372.0,17,0,16
1149,727.0,22,0,18
3251,747.0,22,0,24
1438,1476.0,29,0,25
2656,1989.0,32,0,28
2468,3669.0,38,0,79
829,4359.0,40,0,79
1559,4905.0,42,0,79
3652,4925.0,42,1,79
2593,5329.0,43,1,79
4116,5335.0,43,1,79
4114,5341.0,43,1,79
444,5856.0,44,1,79
1641,6796.0,45,1,79
3104,6816.0,45,1,90
3869,6836.0,45,1,90
3229,6856.0,45,1,90
3243,6876.0,45,1,90
3873,6896.0,45,1,90
3234,6916.0,45,1,90
3521,6936.0,45,1,90
3931,6956.0,45,1,91
4023,6976.0,45,1,91
588,7513.0,46,1,112
3865,7533.0,46,1,112
4105,7539.0,46,1,112
3047,7559.0,46,1,112
3444,7579.0,46,1,113
4070,7599.0,46,1,113
3481,7619.0,46,1,113
1048,7825.0,46,1,113
4107,7831.0,46,1,113
4124,7837.0,46,1,113
3567,7857.0,46,1,115
3748,7877.0,46,1,115
3840,7897.0,46,1,115
4033,7917.0,46,1,115
3262,7937.0,46,1,133
1025,8209.0,46,1,133
3820,8229.0,46,1,133
3491,8249.0,46,1,133
2221,41264.0,47,1,148
1652,42443.0,47,1,148
3220,42463.0,47,1,148
4059,42483.0,47,1,148
988,43317.0,47,1,148
403,43893.0,47,1,148
908,45051.0,47,1,148
3689,45071.0,47,1,148
3171,45091.0,47,1,148
1657,111509.0,47,1,154
2112,112957.0,47,1,154
552,113307.0,47,1,158
2681,113752.0,47,1,158
1933,115032.0,47,1,158
3048,115052.0,47,1,158
3517,115072.0,47,1,158
852,115768.0,47,1,158
1498,116631.0,47,3,158
4126,116637.0,47,3,158
2283,126140.0,47,3,159
1764,127497.0,47,3,159
1941,128341.0,47,3,159
3801,128361.0,47,3,159
2370,128897.0,47,3,159
668,130089.0,47,3,159
3322,130109.0,47,3,159
2812,130562.0,47,3,159
904,131393.0,47,3,159
3586,131413.0,47,3,159
1036,131685.0,47,3,159
1327,131891.0,47,3,159
2236,132458.0,47,3,160
556,133891.0,47,3,160
2072,139075.0,47,3,160
1607,139621.0,47,3,160
1974,140422.0,47,3,160
2750,141002.0,47,3,160
2161,141504.0,47,3,160
2530,144708.0,47,3,160
1707,145736.0,47,3,160
1807,146747.0,47,3,160
3980,146767.0,47,3,160
2122,148156.0,47,3,160
2526,162839.0,47,3,160
3848,162859.0,47,3,160
1577,163551.0,47,3,160
2720,170909.0,47,3,161
1599,172720.0,47,4,161
1738,173468.0,47,4,161
3867,173488.0,47,4,161
2325,174300.0,47,4,161
1254,174872.0,47,4,161
2508,183214.0,47,4,162
3120,183234.0,47,4,162
1081,183444.0,47,4,162
1084,183554.0,47,4,162
1524,184418.0,47,4,162
446,185344.0,47,4,163
499,186001.0,47,4,163
2868,189734.0,47,4,163
2393,190204.0,47,4,163
1867,191523.0,47,4,163
3621,191543.0,47,4,163
1744,192460.0,47,4,163
3956,192480.0,47,4,163
1812,193291.0,47,4,163
682,194249.0,47,4,163
614,195192.0,47,4,163
878,196275.0,47,4,163
929,197332.0,47,4,163
2273,197691.0,47,4,163
2900,197967.0,47,4,163
3494,197987.0,47,4,163
3328,198007.0,47,4,163
436,198922.0,47,4,163
2975,198942.0,47,4,163
4106,198948.0,47,4,163
1706,200674.0,47,4,163
3001,200694.0,47,4,163
2946,204280.0,47,4,163
3519,204300.0,47,4,163
3061,204320.0,47,4,163
384,204544.0,47,4,163
3601,204564.0,47,4,163
61,205275.0,47,4,163
3134,205295.0,47,4,163
2498,214805.0,47,4,163
725,215519.0,47,4,163
1394,215822.0,47,4,163
180,215932.0,47,4,163
964,216953.0,47,4,163
2201,217309.0,47,4,163
3958,217329.0,47,4,163
3334,217349.0,47,4,163
1379,217559.0,47,4,163
3398,217579.0,47,4,163
365,217839.0,47,4,163
192,218288.0,47,4,163
1295,218780.0,47,4,163
4015,218800.0,47,4,163
2549,220466.0,47,4,163
2738,221558.0,47,4,163
1699,222387.0,47,4,163
3504,222407.0,47,4,163
3392,222427.0,47,4,163
2279,224558.0,47,4,163
2184,225592.0,47,4,163
813,226897.0,47,4,163
2964,226917.0,47,4,163
1703,227627.0,47,4,163
1567,228201.0,47,4,163
1910,229265.0,47,4,163
726,230306.0,47,4,163
782,231374.0,47,4,163
3401,231394.0,47,4,163
1481,232471.0,47,4,163
2039,235111.0,47,4,163
336,235771.0,47,4,163
114,236097.0,47,4,163
3565,236117.0,47,4,163
1463,236910.0,47,4,163
1785,238375.0,47,4,163
204,238977.0,47,4,163
2357,240107.0,47,4,163
1021,240761.0,47,4,163
3775,240781.0,47,4,163
2084,245199.0,47,4,163
3754,245219.0,47,4,163
593,245744.0,47,4,163
1991,246705.0,47,4,163
40,246929.0,47,4,163
491,248233.0,47,4,163
1970,249163.0,47,4,163
3813,249183.0,47,4,163
2218,250239.0,47,4,163
935,251204.0,47,4,163
2092,252104.0,47,4,163
1301,252310.0,47,4,163
4100,252316.0,47,4,163
3406,252336.0,47,4,163
3268,252356.0,47,4,163
1848,257436.0,47,4,163
142,257726.0,47,4,163
1972,258696.0,47,4,163
739,259812.0,47,4,163
3675,259832.0,47,4,163
431,261238.0,47,4,163
2553,263800.0,47,4,163
1945,264786.0,47,4,163
1682,265700.0,47,4,163
2809,266120.0,47,4,163
3412,266140.0,47,4,163
2091,269098.0,47,4,163
2584,269350.0,47,4,163
3266,269370.0,47,4,163
1166,269643.0,47,4,163
2923,271157.0,47,4,163
1964,272169.0,47,4,163
260,272626.0,47,4,163
2225,272983.0,47,4,163
2789,278434.0,47,4,163
270,279021.0,47,4,163
3772,279041.0,47,4,163
3024,279061.0,47,4,163
176,279171.0,47,4,163
2540,285531.0,47,4,163
3095,285551.0,47,4,163
425,287070.0,47,4,163
379,288131.0,47,4,163
1667,289139.0,47,4,163
2762,290394.0,47,4,163
1529,291084.0,47,4,163
903,291872.0,47,4,163
148,292554.0,47,4,163
235,292880.0,47,4,163
2679,293277.0,47,4,163
3014,293297.0,47,4,163
399,294277.0,47,4,163
3052,294297.0,47,4,163
2846,297661.0,47,4,163
2803,307504.0,47,4,163
991,308517.0,47,4,163
1485,309291.0,47,5,163
3440,309311.0,47,5,163
1224,309569.0,47,5,163
2178,310348.0,47,5,163
850,311025.0,47,5,163
2090,312632.0,47,5,163
519,313440.0,47,5,163
1681,315498.0,47,5,163
169,316521.0,47,5,163
1740,317529.0,47,5,163
1259,317994.0,47,5,163
1466,318750.0,47,5,163
2018,319908.0,47,5,163
1527,320598.0,47,5,163
2641,321191.0,47,5,163
9,321600.0,47,5,163
352,323074.0,47,5,163
3830,323094.0,47,5,163
1926,324244.0,47,5,163
2721,324975.0,47,5,163
967,325405.0,47,5,163
569,325902.0,47,5,163
2624,328886.0,47,5,163
2787,332208.0,47,5,176
1321,332754.0,47,5,176
177,333924.0,47,5,176
153,334794.0,47,5,176
1732,337526.0,47,5,176
1549,338415.0,47,5,176
2355,339364.0,47,5,176
3616,339384.0,47,5,176
2999,339404.0,47,5,176
3790,339424.0,47,5,176
824,340566.0,47,5,176
1027,340952.0,47,5,176
615,341462.0,47,5,176
1727,342196.0,47,5,176
2422,342534.0,47,5,176
3829,342554.0,47,5,176
489,342976.0,47,5,176
948,343756.0,47,5,176
1460,344935.0,47,5,176
1374,345141.0,47,5,176
2128,348092.0,47,5,176
3007,348112.0,47,5,176
2742,349864.0,47,5,176
1558,350920.0,47,5,176
2248,355042.0,47,5,176
1976,356287.0,47,5,176
2635,356397.0,47,5,176
2644,360111.0,47,5,176
995,360923.0,47,5,176
877,363076.0,47,5,176
315,363675.0,47,5,176
1987,364278.0,47,5,176
641,364824.0,47,5,176
909,365888.0,47,5,176
3773,365908.0,47,5,176
2111,367460.0,47,5,176
647,369431.0,47,5,176
3384,369451.0,47,5,176
1215,370147.0,47,5,176
3631,370167.0,47,5,176
737,370977.0,47,5,176
714,372013.0,47,5,176
3862,372033.0,47,5,176
307,372901.0,47,5,176
3344,372921.0,47,5,176
143,374204.0,47,5,176
2476,377497.0,47,5,176
1841,377956.0,47,5,176
1452,379115.0,47,5,176
232,379501.0,47,5,176
1125,380046.0,47,5,176
2622,380777.0,47,5,176
3560,380797.0,47,5,176
2474,381333.0,47,5,176
2824,381689.0,47,5,176
488,382702.0,47,5,176
2219,384447.0,47,5,176
658,385010.0,47,5,176
2536,385469.0,47,5,176
3201,385489.0,47,5,176
510,386487.0,47,5,176
189,386911.0,47,5,176
1072,387337.0,47,5,176
1457,388340.0,47,5,176
2001,389307.0,47,5,176
1646,390215.0,47,5,176
2329,393333.0,47,5,176
3145,393353.0,47,5,176
3489,393373.0,47,5,176
3470,393393.0,47,5,176
1904,394413.0,47,5,176
117,395040.0,47,5,176
2957,396896.0,47,5,176
1997,397487.0,47,5,176
761,398467.0,47,5,176
454,398727.0,47,5,176
3823,398747.0,47,5,176
76,399073.0,47,5,176
3203,399093.0,47,5,176
3702,399113.0,47,5,176
2058,400600.0,47,5,176
1829,401663.0,47,5,176
1984,402608.0,47,5,176
3736,402628.0,47,5,176
1954,403267.0,47,5,176
2174,405627.0,47,5,176
445,406514.0,47,5,176
2365,411820.0,47,5,176
3714,411840.0,47,5,176
3577,411860.0,47,5,176
2771,413131.0,47,5,176
3063,413151.0,47,5,176
3368,413171.0,47,5,176
2533,413597.0,47,5,176
3402,413617.0,47,5,176
4000,413637.0,47,5,176
3789,413657.0,47,5,176
3140,413677.0,47,5,176
231,414835.0,47,5,176
535,415433.0,47,5,176
857,416241.0,47,5,176
1797,417018.0,47,5,176
978,418302.0,47,5,176
2571,430070.0,47,5,176
1628,430976.0,47,5,176
64,431486.0,47,5,176
3077,431506.0,47,5,176
858,432579.0,47,5,176
2411,432959.0,47,5,176
2847,435690.0,47,5,176
4091,435710.0,47,5,178
1824,436359.0,47,5,178
1078,436583.0,47,5,178
3947,436603.0,47,5,178
3436,436623.0,47,5,178
3878,436643.0,47,5,178
2043,437825.0,47,5,178
3827,437845.0,47,5,178
4095,437865.0,47,5,178
1769,443761.0,47,5,178
990,444628.0,47,5,178
1522,445545.0,47,5,178
2070,454442.0,47,5,178
3248,454462.0,47,5,178
2247,454821.0,47,5,178
1886,455930.0,47,5,178
2456,457391.0,47,5,178
2239,458001.0,47,5,178
2151,462511.0,47,5,178
173,463021.0,47,5,178
2823,464682.0,47,5,178
2939,465050.0,47,5,178
2341,466733.0,47,5,178
1444,467800.0,47,5,178
200,468311.0,47,5,178
2306,468856.0,47,5,178
2768,473431.0,47,5,178
1170,473938.0,47,5,178
1702,474496.0,47,5,178
3674,474516.0,47,5,178
2499,480879.0,47,5,178
80,481470.0,47,5,178
2886,481984.0,47,5,178
3611,482004.0,47,5,178
676,483282.0,47,5,178
3034,483302.0,47,5,178
3448,483322.0,47,5,178
2194,487714.0,47,5,178
1660,488737.0,47,5,178
1830,489447.0,47,5,178
413,490107.0,47,5,178
1073,490693.0,47,5,178
1501,491779.0,47,5,178
2166,492975.0,47,5,178
1630,493503.0,47,5,178
3076,493523.0,47,5,178
1117,493796.0,47,5,178
2615,494412.0,47,5,178
2003,495470.0,47,5,178
2077,496153.0,47,5,178
3991,496173.0,47,5,178
1214,496445.0,47,5,178
4004,496465.0,47,5,178
1097,497171.0,47,5,178
1405,497377.0,47,5,178
1535,497935.0,47,5,178
1249,498193.0,47,5,178
1004,498944.0,47,5,178
161,499458.0,47,5,178
2260,500500.0,47,5,178
453,500923.0,47,5,178
1228,501255.0,47,5,178
847,501807.0,47,5,178
1019,502553.0,47,5,178
3393,502573.0,47,5,178
2449,509887.0,47,5,178
1133,510093.0,47,5,178
1542,514168.0,47,5,178
1516,515123.0,47,5,178
2021,515347.0,47,5,178
3749,515367.0,47,5,178
3750,515387.0,47,5,178
1697,516262.0,47,5,178
2506,517134.0,47,5,178
2910,518373.0,47,5,178
3864,518393.0,47,5,178
700,519658.0,47,5,178
3283,519678.0,47,5,178
3725,519698.0,47,5,178
1060,519970.0,47,5,178
1252,520790.0,47,5,178
1649,526785.0,47,5,178
3302,526805.0,47,5,179
619,527415.0,47,5,179
3677,527435.0,47,5,179
3799,527455.0,47,5,179
3802,527475.0,47,5,179
104,527894.0,47,5,179
302,528786.0,47,5,179
3969,528806.0,47,5,179
821,529989.0,47,5,179
766,530668.0,47,5,179
2293,531398.0,47,5,179
1238,531766.0,47,5,179
407,532539.0,47,5,179
3379,532559.0,47,5,179
2457,534576.0,47,5,179
1064,534834.0,47,5,179
4047,534854.0,47,5,180
3885,534874.0,47,5,180
29,535098.0,47,5,180
4127,535104.0,47,5,180
4069,535124.0,47,5,180
306,535546.0,47,5,180
75,536903.0,47,5,180
3580,536923.0,47,5,180
1734,537893.0,47,5,180
3643,537913.0,47,5,180
664,538920.0,47,5,180
3479,538940.0,47,5,180
2609,539388.0,47,5,180
987,540621.0,47,5,180
2680,544814.0,47,5,180
1191,545024.0,47,5,180
770,545700.0,47,5,180
1387,545924.0,47,5,180
1056,546130.0,47,5,180
2169,553356.0,47,5,180
3198,553376.0,47,5,180
3341,553396.0,47,5,180
86,554169.0,47,5,180
2331,556578.0,47,5,180
1715,558294.0,47,5,180
1505,559245.0,47,5,180
1008,559931.0,47,5,180
1467,560607.0,47,5,180
240,561278.0,47,5,180
2594,561709.0,47,5,180
3038,561729.0,47,5,180
1407,562221.0,47,5,180
3122,562241.0,47,5,180
1320,562837.0,47,5,180
1858,563872.0,47,5,180
869,564927.0,47,5,180
3529,564947.0,47,5,180
3795,564967.0,47,5,180
504,565584.0,47,5,180
638,566443.0,47,5,180
1705,567217.0,47,5,180
249,568499.0,47,5,180
2409,570354.0,47,5,180
3317,570374.0,47,5,180
2235,570667.0,47,5,180
2063,580350.0,47,5,180
2660,580932.0,47,5,180
1132,581157.0,47,5,180
3825,581177.0,47,5,180
455,581503.0,47,5,180
2371,591562.0,47,5,180
3946,591582.0,47,5,180
1456,592461.0,47,5,180
1349,592671.0,47,5,180
1996,593696.0,47,5,180
2836,594770.0,47,5,180
97,595408.0,47,5,180
280,595632.0,47,5,180
277,596379.0,47,5,180
517,596765.0,47,5,180
1354,597431.0,47,5,180
3205,597451.0,47,6,180
2231,598828.0,47,6,180
2332,600971.0,47,6,180
3465,600991.0,47,6,180
1341,601472.0,47,6,180
3389,601492.0,47,6,180
179,602829.0,47,6,180
2,602939.0,47,6,180
1065,604085.0,47,6,180
856,605225.0,47,6,180
637,606417.0,47,6,180
2284,607047.0,47,6,180
2950,610557.0,47,6,180
3658,610577.0,47,6,180
3993,610597.0,47,6,180
3186,610617.0,47,6,180
2009,630189.0,47,6,180
167,630881.0,47,6,180
2033,636993.0,47,6,180
1950,638818.0,47,6,180
2162,639566.0,47,6,180
1823,640311.0,47,6,180
959,641241.0,47,6,180
688,642069.0,47,6,180
3364,642089.0,47,6,180
130,642415.0,47,6,180
2459,644518.0,47,6,180
2059,649459.0,47,6,180
2307,649911.0,47,6,180
480,650171.0,47,6,180
958,651204.0,47,6,180
2960,652822.0,47,6,180
3282,652842.0,47,6,180
2879,653768.0,47,6,180
2751,656832.0,47,6,180
2729,657239.0,47,6,180
1719,658314.0,47,6,180
1571,659460.0,47,6,180
985,660176.0,47,6,180
289,660822.0,47,6,180
430,661241.0,47,6,180
3132,661261.0,47,6,180
970,661999.0,47,6,180
1262,662595.0,47,6,180
54,663375.0,47,6,180
719,664268.0,47,6,180
3170,664288.0,47,6,180
3086,664308.0,47,6,180
2249,665073.0,47,6,180
1902,666151.0,47,6,180
3596,666171.0,47,6,180
3013,666191.0,47,6,180
1313,666446.0,47,6,180
1487,668726.0,47,6,180
3464,668746.0,47,6,180
3606,668766.0,47,6,180
3569,668786.0,47,6,180
2146,687774.0,47,6,180
622,688555.0,47,6,180
1415,688925.0,47,6,180
872,690610.0,47,6,180
713,691469.0,47,6,180
3339,691489.0,47,6,180
508,692658.0,47,6,180
5,693263.0,47,6,180
2668,696820.0,47,6,180
861,697893.0,47,6,180
2684,707059.0,47,6,180
825,708126.0,47,6,180
95,708862.0,47,6,180
1605,709566.0,47,6,180
1334,710112.0,47,6,180
2387,710884.0,47,6,180
3665,710904.0,47,6,180
2180,737953.0,47,6,180
3460,737973.0,47,6,180
96,738323.0,47,6,180
1809,740795.0,47,6,180
1322,741461.0,47,6,180
2375,743018.0,47,6,180
565,743735.0,47,6,180
3613,743755.0,47,6,180
617,744015.0,47,6,180
1074,744485.0,47,6,180
2844,744964.0,47,6,180
2069,747100.0,47,6,180
281,747621.0,47,6,180
1721,748041.0,47,6,180
906,749311.0,47,6,180
1050,749689.0,47,6,180
997,750331.0,47,6,180
575,750591.0,47,6,180
1800,751870.0,47,6,180
2841,766538.0,47,6,180
2466,767296.0,47,6,180
1260,767599.0,47,6,180
595,768510.0,47,6,180
2027,769011.0,47,6,180
3174,769031.0,47,7,180
968,769613.0,47,7,180
1749,770606.0,47,7,180
94,771164.0,47,7,180
800,772274.0,47,7,180
927,772974.0,47,7,180
163,773360.0,47,7,180
218,773584.0,47,7,180
1948,774299.0,47,7,180
1093,774557.0,47,7,180
2558,781042.0,47,7,180
3842,781062.0,47,7,180
2995,781082.0,47,7,180
2943,782229.0,47,7,180
2088,789066.0,47,7,180
3321,789086.0,47,7,180
3774,789106.0,47,7,180
1480,789688.0,47,7,180
752,790272.0,47,7,180
2941,793457.0,47,7,180
3480,793477.0,47,7,180
2517,793729.0,47,7,180
511,794478.0,47,7,180
4088,794498.0,47,7,180
2628,794811.0,47,7,180
3871,794831.0,47,7,180
566,795961.0,47,7,180
4008,795981.0,47,7,180
3348,796001.0,47,7,180
1627,798919.0,47,7,180
2055,801561.0,47,7,180
2608,805371.0,47,7,180
100,805697.0,47,7,180
3064,805717.0,47,7,180
2634,806821.0,47,7,180
2710,812952.0,47,7,180
742,813871.0,47,7,180
2708,816788.0,47,7,180
1861,817697.0,47,7,180
3131,817717.0,47,7,180
815,818965.0,47,7,180
2383,822338.0,47,7,180
4084,822358.0,47,7,180
1256,822904.0,47,7,180
3916,822924.0,47,7,180
2718,823347.0,47,7,180
1994,824146.0,47,7,180
1136,824371.0,47,7,180
3081,824391.0,47,7,180
931,825380.0,47,7,180
3020,825400.0,47,7,180
3263,825420.0,47,7,180
1362,825615.0,47,7,180
2305,826720.0,47,7,180
472,827628.0,47,7,180
1568,828366.0,47,7,180
1454,829159.0,47,7,180
2632,832368.0,47,7,180
3974,832388.0,47,7,180
3117,832408.0,47,7,180
3374,832428.0,47,7,180
4054,832448.0,47,7,180
3682,832468.0,47,7,180
3953,832488.0,47,7,180
663,833692.0,47,7,180
2081,849555.0,47,7,180
1919,852619.0,47,7,180
2968,852639.0,47,7,180
1672,853325.0,47,7,180
195,853876.0,47,7,180
3347,853896.0,47,7,180
1433,854638.0,47,7,180
1213,855114.0,47,7,180
2521,855551.0,47,7,180
432,856174.0,47,7,180
644,857049.0,47,7,180
3025,857069.0,47,7,180
125,857834.0,47,7,180
3456,857854.0,47,7,180
735,859274.0,47,7,180
1983,859964.0,47,7,180
831,860970.0,47,7,180
441,862484.0,47,7,180
1304,862690.0,47,7,180
3819,862710.0,47,7,180
3493,862730.0,47,7,181
701,863730.0,47,7,181
2835,866492.0,47,7,181
3390,866512.0,47,7,181
2678,866924.0,47,7,181
1479,871703.0,47,7,181
3245,871723.0,47,7,181
156,872139.0,47,7,181
2602,874584.0,47,7,181
4026,874604.0,47,7,181
2974,874624.0,47,7,181
3490,874644.0,47,7,181
3285,874664.0,47,7,181
2093,879276.0,47,7,181
577,880212.0,47,7,181
1366,880322.0,47,7,181
1364,880788.0,47,7,181
2130,881161.0,47,7,181
2692,882773.0,47,7,181
2484,886050.0,47,7,181
4125,886056.0,47,7,181
2901,886497.0,47,7,181
1336,886755.0,47,7,181
3505,886775.0,47,7,181
2863,899297.0,47,7,181
394,899975.0,47,7,181
1033,900401.0,47,7,181
980,901648.0,47,7,181
1915,902819.0,47,7,181
2770,903791.0,47,7,181
2313,906059.0,47,7,181
3780,906079.0,47,7,181
2814,907602.0,47,7,181
2165,944352.0,47,7,181
2264,947531.0,47,7,181
3500,947551.0,47,7,181
3963,947571.0,47,7,181
2996,947591.0,47,7,181
3354,947611.0,47,7,181
1674,949726.0,47,7,181
2071,962039.0,47,7,181
31,962763.0,47,7,182
1400,963149.0,47,7,182
3850,963169.0,47,7,182
1378,963755.0,47,7,182
2455,965674.0,47,7,182
722,966697.0,47,7,182
2485,969261.0,47,7,182
560,969897.0,47,7,182
3265,969917.0,47,7,182
2366,973205.0,47,7,182
3252,973225.0,47,7,182
422,973598.0,47,7,182
4014,973618.0,47,7,182
1271,973891.0,47,7,182
1546,974985.0,47,7,182
3619,975005.0,47,7,182
2412,975301.0,47,7,182
2551,990069.0,47,7,182
3509,990089.0,47,7,184
2891,990928.0,47,7,184
2233,993314.0,47,7,184
2607,993646.0,47,7,184
1089,993904.0,47,7,184
3451,993924.0,47,7,184
3573,993944.0,47,7,184
4079,993964.0,47,7,184
1192,994390.0,47,7,184
3630,994410.0,47,7,184
2318,995204.0,47,7,184
1712,1023497.0,47,7,184
3932,1023517.0,47,7,184
2688,1024130.0,47,7,184
2095,1025418.0,47,7,184
3930,1025438.0,47,7,184
2662,1027959.0,47,7,184
860,1029116.0,47,7,184
2702,1031738.0,47,7,184
1756,1032617.0,47,7,184
3362,1032637.0,47,7,184
1054,1033113.0,47,7,184
1940,1033907.0,47,7,184
245,1034418.0,47,7,184
1422,1066021.0,47,7,184
1118,1066442.0,47,7,184
1916,1067464.0,47,7,184
1490,1067920.0,47,7,184
2932,1074139.0,47,7,184
697,1075108.0,47,7,184
830,1076677.0,47,7,184
122,1077734.0,47,7,184
3987,1077754.0,47,7,184
3305,1077774.0,47,7,184
3620,1077794.0,47,7,184
2990,1077814.0,47,7,184
2585,1079808.0,47,7,184
3898,1079828.0,47,7,184
1223,1080100.0,47,7,184
1286,1080358.0,47,7,184
3591,1080378.0,47,7,184
206,1080874.0,47,7,184
3054,1080894.0,47,7,184
1937,1082975.0,47,7,184
2253,1096146.0,47,7,184
1068,1096404.0,47,7,184
3638,1096424.0,47,7,184
2179,1097770.0,47,7,184
139,1098410.0,47,7,184
844,1099654.0,47,7,184
3468,1099674.0,47,7,184
4005,1099694.0,47,7,184
3498,1099714.0,47,7,184
937,1100620.0,47,7,184
3583,1100640.0,47,7,184
3463,1100660.0,47,7,184
3884,1100680.0,47,7,184
631,1101424.0,47,7,184
4045,1101444.0,47,7,184
2346,1112613.0,47,7,184
2727,1114044.0,47,7,184
4013,1114064.0,47,7,184
63,1114502.0,47,7,184
2542,1114726.0,47,7,184
1725,1115844.0,47,7,184
1911,1116802.0,47,7,184
2388,1120354.0,47,7,184
3734,1120374.0,47,7,184
1565,1120973.0,47,7,184
1002,1121719.0,47,7,184
2639,1126855.0,47,7,184
738,1128188.0,47,7,184
211,1129346.0,47,7,184
1429,1130398.0,47,7,184
2704,1133467.0,47,7,184
2642,1133795.0,47,7,184
818,1134690.0,47,7,184
1492,1135778.0,47,7,184
1329,1136050.0,47,7,184
999,1137040.0,47,7,184
1430,1137750.0,47,7,184
3633,1137770.0,47,7,184
839,1138931.0,47,7,184
340,1139461.0,47,7,184
3008,1139481.0,47,7,184
3781,1139501.0,47,7,184
3418,1139521.0,47,7,184
1586,1146416.0,47,7,184
2746,1149083.0,47,7,184
938,1149958.0,47,7,184
3841,1149978.0,47,7,184
3404,1149998.0,47,7,184
3469,1150018.0,47,7,184
2447,1151223.0,47,7,184
2050,1152155.0,47,7,184
406,1152779.0,47,7,184
4122,1152785.0,47,7,184
3372,1152805.0,47,7,184
1632,1153530.0,47,7,184
1459,1154605.0,47,7,184
1834,1155483.0,47,7,184
3022,1155503.0,47,7,184
3144,1155523.0,47,7,184
3951,1155543.0,47,7,184
2277,1161202.0,47,7,184
3686,1161222.0,47,7,184
3886,1161242.0,47,7,184
2889,1162171.0,47,7,184
1666,1165769.0,47,7,184
1005,1166557.0,47,7,184
1728,1168238.0,47,7,184
3694,1168258.0,47,7,184
3664,1168278.0,47,7,184
1982,1169331.0,47,7,184
2736,1170817.0,47,7,184
1375,1171835.0,47,7,184
293,1172429.0,47,7,184
1961,1173361.0,47,7,184
3270,1173381.0,47,7,184
1471,1174243.0,47,7,184
2920,1174767.0,47,7,184
1889,1175926.0,47,7,184
1595,1176804.0,47,7,184
3443,1176824.0,47,7,184
728,1177900.0,47,7,184
3447,1177920.0,47,7,184
1751,1179043.0,47,7,184
2401,1179315.0,47,7,184
2716,1179839.0,47,7,184
2176,1182448.0,47,7,184
777,1183456.0,47,7,184
1361,1183882.0,47,7,184
1636,1184628.0,47,7,184
781,1185419.0,47,7,184
2152,1186711.0,47,7,184
3833,1186731.0,47,7,184
866,1187657.0,47,7,184
1992,1189141.0,47,7,184
2794,1189887.0,47,7,184
1206,1190093.0,47,7,184
4123,1190099.0,47,7,184
1431,1191411.0,47,7,184
3549,1191431.0,47,7,184
3485,1191451.0,47,7,184
680,1192243.0,47,7,184
667,1192832.0,47,7,184
2290,1194457.0,47,7,184
1678,1195793.0,47,7,184
3432,1195813.0,47,7,184
427,1196488.0,47,7,184
1957,1196923.0,47,7,184
449,1197408.0,47,7,184
629,1198282.0,47,7,184
3074,1198302.0,47,7,184
2815,1198924.0,47,7,184
3433,1198944.0,47,7,184
2928,1200191.0,47,7,184
3149,1200211.0,47,7,184
2819,1201355.0,47,7,184
3442,1201375.0,47,7,184
107,1201635.0,47,7,184
402,1202054.0,47,7,184
30,1202736.0,47,7,184
2725,1203242.0,47,7,184
3626,1203262.0,47,7,184
265,1204585.0,47,7,184
3968,1204605.0,47,7,184
1277,1204865.0,47,7,184
1965,1206032.0,47,7,184
521,1206953.0,47,7,184
1041,1207225.0,47,7,184
3227,1207245.0,47,7,184
338,1207861.0,47,7,184
1298,1208086.0,47,7,184
448,1208735.0,47,7,184
2989,1208755.0,47,7,184
409,1209404.0,47,7,184
810,1210220.0,47,7,184
4053,1210240.0,47,7,184
608,1210685.0,47,7,184
1903,1211916.0,47,7,184
3528,1211936.0,47,7,184
3150,1211956.0,47,7,184
769,1212912.0,47,7,184
803,1213539.0,47,7,184
1594,1238506.0,47,7,184
278,1239489.0,47,7,184
1609,1241113.0,47,7,184
1813,1241869.0,47,7,184
2937,1244896.0,47,7,184
332,1245549.0,47,7,184
244,1245965.0,47,7,184
639,1247176.0,47,7,184
2207,1248999.0,47,7,184
2875,1249287.0,47,7,184
128,1249511.0,47,7,184
505,1249884.0,47,7,184
2899,1250953.0,47,7,184
1014,1251838.0,47,7,184
2374,1267767.0,47,7,184
145,1268674.0,47,7,184
953,1269654.0,47,7,184
286,1270597.0,47,7,184
1360,1270917.0,47,7,184
1116,1271393.0,47,7,184
3009,1271413.0,47,7,184
238,1271523.0,47,7,184
66,1272173.0,47,7,184
2278,1272639.0,47,7,184
3688,1272659.0,47,7,184
2557,1273267.0,47,7,184
2134,1273828.0,47,7,184
3607,1273848.0,47,7,184
2056,1274312.0,47,7,184
3136,1274332.0,47,7,184
3340,1274352.0,47,7,184
269,1275171.0,47,7,184
1351,1275717.0,47,7,184
4081,1275737.0,47,7,184
814,1276766.0,47,7,184
3238,1276786.0,47,7,184
3881,1276806.0,47,7,184
734,1277620.0,47,7,184
2733,1278112.0,47,7,184
3670,1278132.0,47,7,184
2328,1282554.0,47,7,184
459,1282880.0,47,7,184
2164,1288872.0,47,7,184
885,1290024.0,47,7,184
3315,1290044.0,47,7,184
3382,1290064.0,47,7,184
4046,1290084.0,47,7,184
3241,1290104.0,47,7,184
1488,1291659.0,47,7,184
1581,1293308.0,47,7,184
2579,1295152.0,47,7,184
3852,1295172.0,47,7,184
2737,1295667.0,47,7,184
1741,1296477.0,47,7,184
254,1297199.0,47,7,184
284,1298091.0,47,7,184
524,1298530.0,47,7,184
989,1299571.0,47,7,184
4115,1299577.0,47,7,184
3760,1299597.0,47,7,184
3977,1299617.0,47,7,184
2873,1299934.0,47,7,184
37,1300408.0,47,7,184
2274,1307483.0,47,7,184
3709,1307503.0,47,7,184
1274,1307806.0,47,7,184
1631,1308405.0,47,7,184
789,1309380.0,47,7,184
1533,1310388.0,47,7,184
2984,1310408.0,47,7,184
1592,1311308.0,47,7,184
380,1311866.0,47,7,184
325,1312398.0,47,7,184
2543,1313009.0,47,7,184
2445,1314153.0,47,7,184
1580,1314821.0,47,7,184
3568,1314841.0,47,7,184
3277,1314861.0,47,7,184
35,1315597.0,47,7,184
2700,1316379.0,47,7,184
3100,1316399.0,47,7,184
779,1317217.0,47,7,184
506,1317801.0,47,7,184
3785,1317821.0,47,7,184
949,1318746.0,47,7,184
2971,1318766.0,47,7,184
2599,1319062.0,47,7,184
2415,1320288.0,47,7,184
3729,1320308.0,47,7,184
3719,1320328.0,47,7,184
3336,1320348.0,47,7,184
651,1321237.0,47,7,184
3663,1321257.0,47,7,184
920,1322225.0,47,7,184
2024,1322878.0,47,7,184
3896,1322898.0,47,7,184
1656,1324075.0,47,7,184
1718,1324811.0,47,7,184
3537,1324831.0,47,7,184
642,1325902.0,47,7,184
3759,1325922.0,47,7,184
2461,1327131.0,47,7,184
2167,1332288.0,47,7,184
2569,1335371.0,47,7,184
3188,1335391.0,47,7,184
3787,1335411.0,47,7,184
3116,1335431.0,47,7,184
1896,1335977.0,47,7,184
2966,1335997.0,47,7,184
1315,1336270.0,47,7,184
1345,1336736.0,47,7,184
3744,1336756.0,47,7,184
3909,1336776.0,47,7,184
2706,1341267.0,47,7,184
2574,1341737.0,47,7,184
3255,1341757.0,47,7,184
2098,1342003.0,47,7,184
4021,1342023.0,47,7,184
2707,1347961.0,47,7,184
2798,1357678.0,47,7,184
1493,1377926.0,47,7,184
3230,1377946.0,47,7,184
675,1378909.0,47,7,184
3793,1378929.0,47,7,184
820,1379739.0,47,7,184
3152,1379759.0,47,7,184
2454,1381321.0,47,7,184
1648,1382200.0,47,7,184
784,1383346.0,47,7,184
1551,1384466.0,47,7,184
693,1385792.0,47,7,184
1995,1386754.0,47,7,184
2785,1413939.0,47,7,184
2145,1419272.0,47,7,184
2308,1422124.0,47,7,184
2994,1422144.0,47,7,184
3306,1422164.0,47,7,184
2631,1422903.0,47,7,184
3182,1422923.0,47,7,184
1340,1423343.0,47,7,184
3042,1423363.0,47,7,184
703,1424709.0,47,7,184
3730,1424729.0,47,7,184
3356,1424749.0,47,7,184
3575,1424769.0,47,7,184
1883,1425775.0,47,7,184
2356,1431244.0,47,7,184
3098,1431264.0,47,7,184
1839,1451136.0,47,7,184
1216,1451682.0,47,7,184
144,1451906.0,47,7,184
2198,1454089.0,47,7,184
3939,1454109.0,47,7,184
1555,1456664.0,47,7,184
3723,1456684.0,47,7,184
2281,1457888.0,47,7,184
74,1458373.0,47,7,184
317,1458768.0,47,7,184
3883,1458788.0,47,7,184
3041,1458808.0,47,7,184
2852,1459508.0,47,7,184
197,1460478.0,47,7,184
2532,1470463.0,47,7,184
1494,1471216.0,47,7,184
2250,1479161.0,47,7,184
786,1479917.0,47,7,184
627,1480746.0,47,7,184
612,1481333.0,47,7,184
4065,1481353.0,47,7,184
1477,1483261.0,47,7,184
3032,1483281.0,47,7,184
3872,1483301.0,47,7,184
2726,1484026.0,47,7,184
346,1484584.0,47,7,184
2211,1485396.0,47,7,184
994,1485972.0,47,7,184
2168,1486346.0,47,7,184
304,1486970.0,47,7,184
1906,1487492.0,47,7,184
2342,1487922.0,47,7,184
3824,1487942.0,47,7,184
3603,1487962.0,47,7,184
1510,1488780.0,47,7,184
1897,1489541.0,47,7,184
2731,1490653.0,47,7,184
891,1491595.0,47,7,184
915,1492207.0,47,7,184
3587,1492227.0,47,7,184
264,1493124.0,47,7,184
136,1493926.0,47,7,184
395,1494525.0,47,7,184
27,1495422.0,47,7,184
442,1496360.0,47,7,184
2778,1500278.0,47,7,184
843,1501025.0,47,7,184
1930,1502316.0,47,7,184
1171,1502526.0,47,7,184
1087,1503157.0,47,7,184
2529,1503689.0,47,7,184
2667,1505887.0,47,7,184
1131,1506115.0,47,7,184
3423,1506135.0,47,7,184
3839,1506155.0,47,7,184
2080,1506726.0,47,7,184
2880,1510028.0,47,7,184
3096,1510048.0,47,7,184
3699,1510068.0,47,7,184
691,1510778.0,47,7,184
3870,1510798.0,47,7,184
753,1511793.0,47,7,184
3836,1511813.0,47,7,184
2037,1515504.0,47,7,184
3767,1515524.0,47,7,184
2224,1517334.0,47,7,184
1312,1517880.0,47,7,184
842,1518916.0,47,7,184
44,1519470.0,47,7,184
2613,1520388.0,47,7,184
2319,1524594.0,47,7,184
1182,1524966.0,47,7,184
2829,1530932.0,47,7,184
730,1532089.0,47,7,184
599,1532199.0,47,7,184
1218,1532784.0,47,7,184
797,1533973.0,47,7,184
4113,1533979.0,47,7,184
3646,1533999.0,47,7,184
1512,1534824.0,47,7,184
113,1534934.0,47,7,184
3768,1534954.0,47,7,184
922,1536007.0,47,7,184
8,1536267.0,47,7,184
191,1536690.0,47,7,184
2108,1538879.0,47,7,184
411,1539521.0,47,7,184
3656,1539541.0,47,7,184
689,1540780.0,47,7,184
2226,1548220.0,47,7,184
2013,1548980.0,47,7,184
246,1550793.0,47,7,184
1647,1552109.0,47,7,184
3405,1552129.0,47,7,184
3672,1552149.0,47,7,184
1579,1553356.0,47,7,184
1496,1554056.0,47,7,184
3193,1554076.0,47,7,184
2096,1554496.0,47,7,184
424,1556052.0,47,7,184
2697,1565086.0,47,7,184
1626,1566112.0,47,7,184
3507,1566132.0,47,7,184
2626,1568545.0,47,7,184
2220,1569942.0,47,7,184
1958,1571062.0,47,7,184
1929,1572010.0,47,7,184
3101,1572030.0,47,7,184
48,1572570.0,47,7,184
2182,1575425.0,47,7,184
2871,1579376.0,47,7,184
2767,1593071.0,47,7,184
509,1593565.0,47,7,184
1866,1594165.0,47,7,184
4037,1594185.0,47,7,184
590,1594914.0,47,7,184
3162,1594934.0,47,7,184
1854,1596090.0,47,7,184
1582,1597318.0,47,7,184
134,1597674.0,47,7,184
3814,1597694.0,47,7,184
3853,1597714.0,47,7,184
875,1598605.0,47,7,184
4112,1598611.0,47,7,184
3608,1598631.0,47,7,184
310,1599313.0,47,7,184
2883,1599628.0,47,7,184
886,1600513.0,47,7,184
1781,1601448.0,47,7,184
1198,1601994.0,47,7,184
187,1602104.0,47,7,184
996,1603176.0,47,7,184
3511,1603196.0,47,7,184
2711,1606323.0,47,7,184
2462,1615550.0,47,7,184
854,1616758.0,47,7,184
579,1617574.0,47,7,184
3894,1617594.0,47,7,184
2699,1618035.0,47,7,184
3400,1618055.0,47,7,184
940,1619155.0,47,7,184
1079,1619661.0,47,7,184
613,1620321.0,47,7,184
2212,1620956.0,47,7,184
1099,1621226.0,47,7,184
2788,1622234.0,47,7,184
2527,1626373.0,47,7,184
2227,1627192.0,47,7,184
2121,1627438.0,47,7,184
1226,1628267.0,47,7,184
458,1628868.0,47,7,184
1237,1629093.0,47,7,184
1124,1629351.0,47,7,184
2451,1631082.0,47,7,184
2563,1634286.0,47,7,184
649,1635293.0,47,7,184
1541,1635728.0,47,7,184
3275,1635748.0,47,7,184
3035,1635768.0,47,7,184
3548,1635788.0,47,7,184
1731,1650141.0,47,7,184
250,1650497.0,47,7,184
300,1651268.0,47,7,184
1792,1652249.0,47,7,184
2838,1654214.0,47,7,184
3967,1654234.0,47,7,184
1523,1654762.0,47,7,184
2362,1671316.0,47,7,184
1855,1672104.0,47,7,184
135,1672651.0,47,7,184
309,1672941.0,47,7,184
3724,1672961.0,47,7,184
1644,1673543.0,47,7,184
3922,1673563.0,47,7,184
3239,1673583.0,47,7,184
353,1674236.0,47,7,184
1222,1674821.0,47,7,184
918,1675572.0,47,7,184
1388,1676038.0,47,7,184
3859,1676058.0,47,7,184
1098,1676378.0,47,7,184
1978,1678166.0,47,7,184
2905,1684021.0,47,7,184
954,1684814.0,47,7,184
3466,1684834.0,47,7,184
3851,1684854.0,47,7,184
2310,1686149.0,47,7,184
2816,1687078.0,47,7,184
438,1687723.0,47,7,184
3915,1687743.0,47,7,184
3535,1687763.0,47,7,184
848,1688877.0,47,7,184
2189,1689491.0,47,7,184
3129,1689511.0,47,7,184
1130,1689828.0,47,7,184
1258,1690131.0,47,7,184
2433,1693080.0,47,7,184
362,1693667.0,47,7,184
1209,1694253.0,47,7,184
67,1694513.0,47,7,184
780,1695831.0,47,7,184
2127,1700162.0,47,7,184
873,1701082.0,47,7,184
705,1701940.0,47,7,184
417,1703092.0,47,7,184
3595,1703112.0,47,7,184
3320,1703132.0,47,7,184
1811,1747043.0,47,7,184
2528,1747327.0,47,7,184
1988,1747822.0,47,7,184
3189,1747842.0,47,7,184
633,1748496.0,47,7,184
2763,1749158.0,47,7,184
716,1750271.0,47,7,184
1711,1751535.0,47,7,184
3422,1751555.0,47,7,184
2658,1754099.0,47,7,184
2171,1754933.0,47,7,184
1759,1755950.0,47,7,184
1552,1757140.0,47,7,184
3976,1757160.0,47,7,184
1057,1757270.0,47,7,184
56,1757596.0,47,7,184
2672,1764947.0,47,7,184
3538,1764967.0,47,7,184
2391,1769946.0,47,7,184
371,1770533.0,47,7,184
397,1771042.0,47,7,184
2014,1771835.0,47,7,184
1462,1818878.0,47,7,184
1144,1819166.0,47,7,184
1786,1826766.0,47,7,184
1156,1827038.0,47,7,184
4020,1827058.0,47,7,184
1055,1827390.0,47,7,184
2895,1835524.0,47,7,184
2428,1837566.0,47,7,184
2761,1844862.0,47,7,184
4087,1844882.0,47,7,184
699,1845619.0,47,7,184
101,1846179.0,47,7,184
727,1846935.0,47,7,184
1210,1847145.0,47,7,184
2280,1847727.0,47,7,184
1181,1847985.0,47,7,184
3173,1848005.0,47,7,184
2334,1854917.0,47,7,184
4129,1854923.0,47,7,184
4076,1854943.0,47,7,184
3179,1854963.0,47,7,184
3212,1854983.0,47,7,184
1337,1855355.0,47,7,184
497,1856397.0,47,7,184
1039,1856507.0,47,7,184
4018,1856527.0,47,7,184
2007,1857417.0,47,7,184
299,1857803.0,47,7,184
1066,1858229.0,47,7,184
1677,1858848.0,47,7,184
3906,1858868.0,47,7,184
22,1859554.0,47,7,184
2757,1860123.0,47,7,184
3629,1860143.0,47,7,184
2467,1860774.0,47,7,184
2766,1861067.0,47,7,184
2348,1862735.0,47,7,184
3264,1862755.0,47,7,184
2396,1864835.0,47,7,184
3066,1864855.0,47,7,184
817,1865275.0,47,7,184
1782,1866068.0,47,7,184
709,1866831.0,47,7,184
809,1867582.0,47,7,184
3959,1867602.0,47,7,184
4102,1867608.0,47,7,184
2804,1869132.0,47,7,184
1266,1869420.0,47,7,184
401,1870409.0,47,7,184
2848,1871248.0,47,7,184
3231,1871268.0,47,7,184
1146,1871848.0,47,7,184
1499,1872904.0,47,7,184
2561,1873664.0,47,7,184
3002,1873684.0,47,7,184
3378,1873704.0,47,7,184
1106,1873910.0,47,7,184
571,1874283.0,47,7,184
3157,1874303.0,47,7,184
3156,1874323.0,47,7,184
3176,1874343.0,47,7,184
3902,1874363.0,47,7,184
482,1874921.0,47,7,184
3191,1874941.0,47,7,184
1828,1876216.0,47,7,184
1531,1879773.0,47,7,184
2779,1880402.0,47,7,184
3753,1880422.0,47,7,184
1990,1881598.0,47,7,184
3728,1881618.0,47,7,184
4017,1881638.0,47,7,184
2242,1886432.0,47,7,184
3926,1886452.0,47,7,184
2104,1889662.0,47,7,184
662,1890753.0,47,7,184
916,1891632.0,47,7,184
2867,1894044.0,47,7,184
1399,1894316.0,47,7,184
329,1894739.0,47,7,184
2830,1895750.0,47,7,184
2440,1897823.0,47,7,184
3948,1897843.0,47,7,184
3397,1897863.0,47,7,184
1478,1898619.0,47,7,184
2523,1919523.0,47,7,184
2878,1921512.0,47,7,184
2709,1923454.0,47,7,184
2752,1924726.0,47,7,184
653,1925687.0,47,7,184
2568,1926043.0,47,7,184
3938,1926063.0,47,7,184
2330,1927278.0,47,7,184
1735,2026994.0,47,7,184
1205,2027204.0,47,7,184
2407,2027771.0,47,7,184
977,2028542.0,47,7,184
83,2029434.0,47,7,184
3564,2029454.0,47,7,184
1303,2029919.0,47,7,184
715,2030925.0,47,7,184
375,2031688.0,47,7,184
1818,2032592.0,47,7,184
2646,2041728.0,47,7,184
3151,2041748.0,47,7,184
3342,2041768.0,47,7,184
3380,2041788.0,47,7,184
2538,2043316.0,47,7,184
4055,2043336.0,47,7,184
3701,2043356.0,47,7,184
3461,2043376.0,47,7,184
1307,2043586.0,47,7,184
1091,2044012.0,47,7,184
2915,2045134.0,47,7,184
3899,2045154.0,47,7,184
1700,2045955.0,47,7,184
109,2046933.0,47,7,184
1040,2047456.0,47,7,184
1600,2048498.0,47,7,184
2047,2048786.0,47,7,184
146,2050130.0,47,7,184
2478,2050567.0,47,7,184
1112,2051059.0,47,7,184
530,2051672.0,47,7,184
774,2052750.0,47,7,184
2057,2054222.0,47,7,184
2376,2057621.0,47,7,184
2865,2060100.0,47,7,184
652,2060845.0,47,7,184
2827,2061387.0,47,7,184
604,2061773.0,47,7,184
2659,2062684.0,47,7,184
333,2063428.0,47,7,184
533,2063880.0,47,7,184
1009,2064755.0,47,7,184
87,2064865.0,47,7,184
373,2065089.0,47,7,184
3130,2065109.0,47,7,184
3079,2065129.0,47,7,184
1584,2066024.0,47,7,184
1556,2066825.0,47,7,184
2420,2078120.0,47,7,184
2074,2080227.0,47,7,184
2199,2080813.0,47,7,184
2400,2085348.0,47,7,184
2732,2086677.0,47,7,184
1895,2096109.0,47,7,184
3458,2096129.0,47,7,184
55,2096455.0,47,7,184
274,2097676.0,47,7,184
3288,2097696.0,47,7,184
811,2098541.0,47,7,184
175,2098945.0,47,7,184
2294,2099241.0,47,7,184
1909,2105619.0,47,7,184
486,2106149.0,47,7,184
2266,2110389.0,47,7,184
3943,2110409.0,47,7,184
2492,2113996.0,47,7,184
3403,2114016.0,47,7,184
2032,2114694.0,47,7,184
2255,2120485.0,47,7,184
1634,2121491.0,47,7,184
322,2121817.0,47,7,184
2405,2124224.0,47,7,184
2648,2127969.0,47,7,184
4025,2127989.0,47,7,184
2714,2128345.0,47,7,184
2791,2130571.0,47,7,184
77,2131439.0,47,7,184
3955,2131459.0,47,7,184
2372,2136929.0,47,7,184
263,2137714.0,47,7,184
1348,2138186.0,47,7,184
3011,2138206.0,47,7,184
2611,2138676.0,47,7,184
71,2139409.0,47,7,184
2618,2142009.0,47,7,184
3143,2142029.0,47,7,184
4093,2142049.0,47,7,184
2470,2144141.0,47,7,184
855,2144969.0,47,7,184
1413,2145193.0,47,7,184
1234,2145665.0,47,7,184
3996,2145685.0,47,7,184
3409,2145705.0,47,7,184
4002,2145725.0,47,7,184
2079,2155773.0,47,7,184
549,2156192.0,47,7,184
3474,2156212.0,47,7,184
3069,2156232.0,47,7,184
2546,2156588.0,47,7,184
570,2157808.0,47,7,184
1722,2158717.0,47,7,184
712,2159731.0,47,7,184
3849,2159751.0,47,7,184
1587,2160893.0,47,7,184
230,2161440.0,47,7,184
313,2161832.0,47,7,184
118,2162191.0,47,7,184
2944,2163339.0,47,7,184
3941,2163359.0,47,7,184
2373,2164060.0,47,7,184
3437,2164080.0,47,7,184
2444,2164900.0,47,7,184
140,2165160.0,47,7,184
1163,2165520.0,47,7,184
3216,2165540.0,47,7,184
859,2166062.0,47,7,184
1162,2166574.0,47,7,184
1675,2167844.0,47,7,184
3783,2167864.0,47,7,184
3501,2167884.0,47,7,184
208,2168242.0,47,7,184
2637,2169375.0,47,7,184
3966,2169395.0,47,7,184
2833,2189986.0,47,7,184
2953,2192371.0,47,7,184
792,2193249.0,47,7,184
2972,2193269.0,47,7,184
400,2193688.0,47,7,184
3534,2193708.0,47,7,184
1261,2194174.0,47,7,184
834,2195085.0,47,7,184
2992,2195105.0,47,7,184
1035,2195531.0,47,7,184
2525,2199756.0,47,7,184
1317,2200014.0,47,7,184
2576,2200517.0,47,7,184
2730,2225505.0,47,7,184
3835,2225525.0,47,7,184
1635,2226596.0,47,7,184
2245,2227568.0,47,7,184
2633,2234678.0,47,7,184
2621,2235142.0,47,7,184
1280,2235400.0,47,7,184
1642,2236329.0,47,7,184
2524,2238616.0,47,7,184
616,2239626.0,47,7,184
3914,2239646.0,47,7,184
687,2240899.0,47,7,184
3846,2240919.0,47,7,184
1591,2241729.0,47,7,184
2390,2242227.0,47,7,184
2423,2245724.0,47,7,184
361,2246308.0,47,7,184
3332,2246328.0,47,7,184
318,2247358.0,47,7,184
3353,2247378.0,47,7,184
2159,2249187.0,47,7,184
3039,2249207.0,47,7,184
1446,2250067.0,47,7,184
1233,2250355.0,47,7,184
732,2251128.0,47,7,184
4001,2251148.0,47,7,184
4094,2251168.0,47,7,184
666,2252677.0,47,7,184
1684,2254944.0,47,7,184
3208,2254964.0,47,7,184
1323,2255646.0,47,7,184
60,2256065.0,47,7,184
203,2256929.0,47,7,184
3691,2256949.0,47,7,184
2859,2267740.0,47,7,184
2510,2268148.0,47,7,184
3697,2268168.0,47,7,184
3690,2268188.0,47,7,184
2759,2271921.0,47,7,184
2925,2278948.0,47,7,184
2629,2280082.0,47,7,184
1465,2283388.0,47,7,184
950,2284747.0,47,7,184
568,2286133.0,47,7,184
3979,2286153.0,47,7,184
3712,2286173.0,47,7,184
2048,2286818.0,47,7,184
2998,2286838.0,47,7,184
43,2287164.0,47,7,184
2541,2291159.0,47,7,184
1302,2291529.0,47,7,184
133,2292330.0,47,7,184
326,2292907.0,47,7,184
3359,2292927.0,47,7,184
893,2293671.0,47,7,184
887,2294655.0,47,7,184
2806,2296605.0,47,7,184
2614,2314069.0,47,7,184
108,2315005.0,47,7,184
2755,2319908.0,47,7,184
2488,2320336.0,47,7,184
1067,2320691.0,47,7,184
1576,2321555.0,47,7,184
3154,2321575.0,47,7,184
2912,2322624.0,47,7,184
1573,2323155.0,47,7,184
1022,2323265.0,47,7,184
1103,2323811.0,47,7,184
3877,2323831.0,47,7,184
3929,2323851.0,47,7,184
2837,2325009.0,47,7,184
4039,2325029.0,47,7,184
702,2325748.0,47,7,184
2565,2326652.0,47,7,184
2888,2328541.0,47,7,184
540,2328924.0,47,7,184
2322,2329343.0,47,7,184
3923,2329363.0,47,7,184
895,2330264.0,47,7,184
1814,2343372.0,47,7,184
567,2343596.0,47,7,184
4058,2343616.0,47,7,184
15,2344581.0,47,7,184
3429,2344601.0,47,7,184
324,2345449.0,47,7,184
2606,2349082.0,47,7,184
3913,2349102.0,47,7,184
2940,2355480.0,47,7,184
1455,2356170.0,47,7,184
1285,2356611.0,47,7,184
3975,2356631.0,47,7,184
1870,2357453.0,47,7,184
3323,2357473.0,47,7,184
68,2357912.0,47,7,184
1879,2358848.0,47,7,184
1178,2359554.0,47,7,184
2686,2360528.0,47,7,184
3735,2360548.0,47,7,184
3211,2360568.0,47,7,184
923,2361469.0,47,7,184
1853,2407838.0,47,7,184
2172,2412633.0,47,7,184
1381,2413059.0,47,7,184
2949,2418690.0,47,7,184
763,2420348.0,47,7,184
2559,2422141.0,47,7,184
3644,2422161.0,47,7,184
685,2423214.0,47,7,184
398,2423721.0,47,7,184
2309,2425288.0,47,7,184
3733,2425308.0,47,7,184
2008,2426246.0,47,7,184
2983,2426266.0,47,7,184
545,2426981.0,47,7,184
3399,2427001.0,47,7,184
944,2428039.0,47,7,184
414,2428478.0,47,7,184
3254,2428498.0,47,7,184
3427,2428518.0,47,7,184
3363,2428538.0,47,7,184
3970,2428558.0,47,7,184
2385,2429548.0,47,7,184
862,2430449.0,47,7,184
3627,2430469.0,47,7,184
3128,2430489.0,47,7,184
2443,2431059.0,47,7,184
178,2431169.0,47,7,184
1887,2432423.0,47,7,184
3771,2432443.0,47,7,184
764,2433804.0,47,7,184
3187,2433824.0,47,7,184
4016,2433844.0,47,7,184
3804,2433864.0,47,7,184
3222,2433884.0,47,7,184
3307,2433904.0,47,7,184
1723,2434972.0,47,7,184
396,2435617.0,47,7,184
228,2436441.0,47,7,184
2845,2437080.0,47,7,184
1864,2438084.0,47,7,184
10,2438842.0,47,7,184
1621,2439542.0,47,7,184
217,2439868.0,47,7,184
3650,2439888.0,47,7,184
1287,2440256.0,47,7,184
1352,2440563.0,47,7,184
2424,2456808.0,47,7,184
1119,2457234.0,47,7,184
360,2457920.0,47,7,184
1908,2458985.0,47,7,184
3107,2459005.0,47,7,184
2643,2462270.0,47,7,184
408,2462656.0,47,7,184
2297,2465262.0,47,7,184
344,2465552.0,47,7,184
2490,2472596.0,47,7,184
528,2473340.0,47,7,184
2849,2473737.0,47,7,184
3634,2473757.0,47,7,184
1489,2474786.0,47,7,184
2744,2476398.0,47,7,184
1753,2477135.0,47,7,184
1126,2477613.0,47,7,184
1023,2478159.0,47,7,184
3215,2478179.0,47,7,184
1393,2478547.0,47,7,184
1986,2479575.0,47,7,184
626,2480555.0,47,7,184
121,2480815.0,47,7,184
1745,2482191.0,47,7,184
92,2482738.0,47,7,184
1602,2483941.0,47,7,184
2208,2489715.0,47,7,184
3434,2489735.0,47,7,184
301,2490118.0,47,7,184
1852,2491742.0,47,7,184
4121,2491748.0,47,7,184
894,2492816.0,47,7,184
2747,2495788.0,47,7,184
2696,2509171.0,47,7,184
1408,2509429.0,47,7,184
381,2509843.0,47,7,184
484,2510133.0,47,7,184
630,2511468.0,47,7,184
1993,2512227.0,47,7,184
1183,2512499.0,47,7,184
242,2513545.0,47,7,184
3632,2513565.0,47,7,184
3296,2513585.0,47,7,184
2276,2514547.0,47,7,184
547,2515083.0,47,7,184
683,2516215.0,47,7,184
3743,2516235.0,47,7,184
973,2517037.0,47,7,184
124,2517622.0,47,7,184
1309,2518320.0,47,7,184
3546,2518340.0,47,7,184
234,2518732.0,47,7,184
1578,2520274.0,47,7,184
3370,2520294.0,47,7,184
1913,2520669.0,47,7,184
2653,2520962.0,47,7,184
3920,2520982.0,47,7,184
2657,2523013.0,47,7,184
544,2523487.0,47,7,184
1742,2524369.0,47,7,184
2674,2528976.0,47,7,184
1899,2529773.0,47,7,184
3891,2529793.0,47,7,184
2049,2531526.0,47,7,184
2550,2532205.0,47,7,184
2394,2533482.0,47,7,184
2386,2533640.0,47,7,184
3605,2533660.0,47,7,184
255,2534154.0,47,7,184
1560,2535193.0,47,7,184
979,2536177.0,47,7,184
2303,2542654.0,47,7,184
776,2544255.0,47,7,184
3726,2544275.0,47,7,184
1121,2544661.0,47,7,184
808,2545371.0,47,7,184
1833,2546164.0,47,7,184
2620,2562075.0,47,7,184
3165,2562095.0,47,7,184
1385,2562301.0,47,7,184
3324,2562321.0,47,7,184
2261,2565923.0,47,7,184
1080,2566148.0,47,7,184
2301,2566833.0,47,7,184
3645,2566853.0,47,7,184
1694,2567626.0,47,7,184
1788,2568419.0,47,7,184
720,2569364.0,47,7,184
3219,2569384.0,47,7,184
4012,2569404.0,47,7,184
320,2570065.0,47,7,184
976,2571725.0,47,7,184
3822,2571745.0,47,7,184
1862,2572633.0,47,7,184
2821,2576504.0,47,7,184
2359,2579510.0,47,7,184
3576,2579530.0,47,7,184
1606,2580377.0,47,7,184
1922,2581272.0,47,7,184
587,2581382.0,47,7,184
3882,2581402.0,47,7,184
1359,2581705.0,47,7,184
1227,2581963.0,47,7,184
162,2582073.0,47,7,184
2333,2586650.0,47,7,184
602,2587388.0,47,7,184
2216,2588870.0,47,7,184
1088,2589173.0,47,7,184
2120,2593379.0,47,7,184
3158,2593399.0,47,7,184
1616,2594493.0,47,7,184
1989,2595239.0,47,7,184
3792,2595259.0,47,7,184
3695,2595279.0,47,7,184
2577,2596437.0,47,7,184
2640,2598120.0,47,7,184
1924,2599256.0,47,7,184
2775,2599817.0,47,7,184
2497,2600363.0,47,7,184
2448,2603850.0,47,7,184
1842,2604769.0,47,7,184
3907,2604789.0,47,7,184
3751,2604809.0,47,7,184
23,2605384.0,47,7,184
3544,2605404.0,47,7,184
1503,2605869.0,47,7,184
2286,2606285.0,47,7,184
457,2606865.0,47,7,184
1000,2607959.0,47,7,184
2349,2608429.0,47,7,184
1325,2608797.0,47,7,184
1273,2609055.0,47,7,184
2690,2609361.0,47,7,184
981,2610022.0,47,7,184
2600,2624981.0,47,7,184
2320,2631029.0,47,7,184
1484,2631717.0,47,7,184
2148,2635402.0,47,7,184
1977,2641300.0,47,7,184
1486,2664035.0,47,7,184
1102,2664319.0,47,7,184
2758,2674022.0,47,7,184
1553,2674538.0,47,7,184
3225,2674558.0,47,7,184
3965,2674578.0,47,7,184
1629,2675462.0,47,7,184
2045,2676241.0,47,7,184
1500,2677268.0,47,7,184
523,2677695.0,47,7,184
355,2678755.0,47,7,184
3600,2678775.0,47,7,184
1755,2679533.0,47,7,184
3542,2679553.0,47,7,184
3343,2679573.0,47,7,184
1597,2680628.0,47,7,184
905,2681174.0,47,7,184
1912,2683868.0,47,7,184
3551,2683888.0,47,7,184
1981,2684675.0,47,7,184
1108,2685000.0,47,7,184
2004,2686117.0,47,7,184
3050,2686137.0,47,7,185
2381,2687615.0,47,7,185
4086,2687635.0,47,7,185
2698,2689839.0,47,7,185
1762,2690734.0,47,7,185
3984,2690754.0,47,7,185
1821,2691734.0,47,7,185
1332,2692054.0,47,7,185
2369,2692652.0,47,7,185
2586,2694317.0,47,7,185
3287,2694337.0,47,7,185
2987,2694357.0,47,7,185
2078,2697096.0,47,7,185
1615,2697651.0,47,7,185
1085,2698197.0,47,7,185
3410,2698217.0,47,7,185
378,2698567.0,47,7,185
2041,2699034.0,47,7,185
421,2699520.0,47,7,185
563,2700320.0,47,7,185
3250,2700340.0,47,7,185
42,2700636.0,47,7,185
2560,2704329.0,47,7,185
1476,2705480.0,47,7,185
2051,2706365.0,47,7,185
3531,2706385.0,47,7,185
391,2707524.0,47,7,185
2336,2708772.0,47,7,185
3388,2708792.0,47,7,185
2783,2710157.0,47,7,185
1443,2711081.0,47,7,185
2651,2712796.0,47,7,185
3571,2712816.0,47,7,185
2677,2713279.0,47,7,185
2509,2713591.0,47,7,185
16,2714897.0,47,7,185
3078,2714917.0,47,7,185
2472,2716648.0,47,7,185
1391,2716936.0,47,7,185
3887,2716956.0,47,7,185
1651,2717815.0,47,7,185
1653,2718669.0,47,7,185
2810,2725195.0,47,7,185
3525,2725215.0,47,7,185
1293,2725473.0,47,7,185
1815,2726380.0,47,7,185
1331,2726806.0,47,7,185
605,2727927.0,47,7,185
2030,2728772.0,47,7,185
3654,2728792.0,47,7,185
788,2729578.0,47,7,185
4019,2729598.0,47,7,185
3088,2729618.0,47,7,185
2252,2729965.0,47,7,185
2997,2729985.0,47,7,185
1220,2730370.0,47,7,185
1188,2730580.0,47,7,185
2395,2735409.0,47,7,185
1802,2735991.0,47,7,185
3084,2736011.0,47,7,185
930,2736557.0,47,7,185
3680,2736577.0,47,7,185
660,2737471.0,47,7,185
1164,2737744.0,47,7,185
791,2738932.0,47,7,185
152,2739318.0,47,7,185
2701,2740159.0,47,7,185
1717,2741248.0,47,7,185
2703,2743594.0,47,7,185
760,2744878.0,47,7,185
804,2745762.0,47,7,185
221,2746052.0,47,7,185
3890,2746072.0,47,7,185
787,2747001.0,47,7,185
2460,2750718.0,47,7,185
3019,2750738.0,47,7,185
1275,2751284.0,47,7,185
215,2751924.0,47,7,185
620,2752908.0,47,7,185
822,2754103.0,47,7,185
1999,2754523.0,47,7,185
2465,2755170.0,47,7,185
2214,2764623.0,47,7,185
3818,2764643.0,47,7,185
390,2765140.0,47,7,185
1827,2766237.0,47,7,185
1857,2766973.0,47,7,185
880,2767866.0,47,7,185
3233,2767886.0,47,7,185
1105,2768460.0,47,7,185
2110,2769399.0,47,7,185
115,2770070.0,47,7,185
865,2771225.0,47,7,185
1161,2771651.0,47,7,185
3473,2771671.0,47,7,185
1299,2771959.0,47,7,185
3217,2771979.0,47,7,185
3424,2771999.0,47,7,185
1244,2772409.0,47,7,185
1308,2772716.0,47,7,185
3486,2772736.0,47,7,185
4051,2772756.0,47,7,185
520,2773643.0,47,7,185
1418,2774248.0,47,7,185
2487,2777921.0,47,7,185
1127,2778347.0,47,7,185
4056,2778367.0,47,7,185
165,2778965.0,47,7,185
2438,2781041.0,47,7,185
3068,2781061.0,47,7,185
771,2781747.0,47,7,185
2483,2782451.0,47,7,185
3566,2782471.0,47,7,185
3826,2782491.0,47,7,185
707,2783944.0,47,7,185
335,2784469.0,47,7,185
4010,2784489.0,47,7,185
1094,2784857.0,47,7,185
2535,2785549.0,47,7,185
4042,2785569.0,47,7,185
936,2786554.0,47,7,185
3352,2786574.0,47,7,185
2482,2787038.0,47,7,185
2505,2787683.0,47,7,185
2682,2791625.0,47,7,185
485,2792409.0,47,7,185
2842,2795363.0,47,7,185
795,2796035.0,47,7,185
327,2797035.0,47,7,185
3637,2797055.0,47,7,185
3394,2797075.0,47,7,185
1943,2798167.0,47,7,185
534,2799370.0,47,7,185
3992,2799390.0,47,7,185
4072,2799410.0,47,7,185
1959,2801041.0,47,7,185
2404,2804074.0,47,7,185
2904,2805031.0,47,7,185
1953,2805998.0,47,7,185
3817,2806018.0,47,7,185
1979,2809827.0,47,7,185
1673,2810716.0,47,7,185
1001,2811598.0,47,7,185
297,2812156.0,47,7,185
24,2812743.0,47,7,185
640,2813325.0,47,7,185
2877,2817442.0,47,7,185
573,2817738.0,47,7,185
868,2818593.0,47,7,185
1720,2819301.0,47,7,185
2187,2819613.0,47,7,185
1242,2820360.0,47,7,185
3420,2820380.0,47,7,185
3960,2820400.0,47,7,185
3286,2820420.0,47,7,185
1137,2820892.0,47,7,185
2017,2826093.0,47,7,185
2188,2826461.0,47,7,185
914,2827559.0,47,7,185
3223,2827579.0,47,7,185
3874,2827599.0,47,7,185
214,2827823.0,47,7,185
205,2828047.0,47,7,185
3722,2828067.0,47,7,185
59,2828757.0,47,7,185
3861,2828777.0,47,7,185
4082,2828797.0,47,7,185
3452,2828817.0,47,7,185
655,2829507.0,47,7,185
1470,2830331.0,47,7,185
3281,2830351.0,47,7,185
296,2830945.0,47,7,185
201,2831951.0,47,7,185
2475,2833392.0,47,7,185
1686,2834861.0,47,7,185
2103,2841683.0,47,7,185
1193,2842269.0,47,7,185
3592,2842289.0,47,7,185
157,2842711.0,47,7,185
1985,2844724.0,47,7,185
3373,2844744.0,47,7,185
434,2845688.0,47,7,185
2502,2846451.0,47,7,185
2802,2846897.0,47,7,185
692,2847736.0,47,7,185
2163,2849593.0,47,7,185
2011,2850339.0,47,7,185
3139,2850359.0,47,7,185
2649,2861111.0,47,7,185
827,2862110.0,47,7,185
334,2863465.0,47,7,185
3097,2863485.0,47,7,185
3018,2863505.0,47,7,185
1968,2864345.0,47,7,185
2066,2865030.0,47,7,185
2952,2866722.0,47,7,185
1049,2867077.0,47,7,185
3803,2867097.0,47,7,185
291,2867578.0,47,7,185
917,2868871.0,47,7,185
951,2869728.0,47,7,185
2963,2869748.0,47,7,185
2186,2870259.0,47,7,185
1757,2898438.0,47,7,185
3333,2898458.0,47,7,185
946,2899117.0,47,7,185
1018,2900015.0,47,7,185
1076,2900388.0,47,7,185
2406,2904550.0,47,7,185
415,2905334.0,47,7,185
1034,2905960.0,47,7,185
2851,2906974.0,47,7,185
314,2907198.0,47,7,185
32,2907617.0,47,7,185
1794,2920052.0,47,7,185
3828,2920072.0,47,7,185
3788,2920092.0,47,7,185
498,2920465.0,47,7,185
3381,2920485.0,47,7,185
1888,2921462.0,47,7,185
775,2922082.0,47,7,185
1791,2922990.0,47,7,185
1326,2923616.0,47,7,185
1397,2924042.0,47,7,185
3764,2924062.0,47,7,185
2908,2924379.0,47,7,185
1780,2937107.0,47,7,185
343,2937493.0,47,7,185
1440,2938084.0,47,7,185
3533,2938104.0,47,7,185
3655,2938124.0,47,7,185
933,2938700.0,47,7,185
2016,2939599.0,47,7,185
1714,2940632.0,47,7,185
747,2941178.0,47,7,185
941,2942022.0,47,7,185
2282,2946560.0,47,7,185
3661,2946580.0,47,7,185
1847,2947684.0,47,7,185
2065,2949439.0,47,7,185
2414,2951369.0,47,7,185
1448,2952160.0,47,7,185
2117,2952802.0,47,7,185
1799,2953794.0,47,7,185
435,2954321.0,47,7,185
2170,2954850.0,47,7,185
3808,2954870.0,47,7,185
3126,2954890.0,47,7,185
3184,2954910.0,47,7,185
2378,2959814.0,47,7,185
3585,2959834.0,47,7,185
1208,2960137.0,47,7,185
2139,2960895.0,47,7,185
3579,2960915.0,47,7,185
1795,2961778.0,47,7,185
3711,2961798.0,47,7,185
2857,2963851.0,47,7,185
3377,2963871.0,47,7,185
1969,2964513.0,47,7,185
2834,2965038.0,47,7,185
2431,2966036.0,47,7,185
3387,2966056.0,47,7,185
3581,2966076.0,47,7,185
2268,2966839.0,47,7,185
1396,2967225.0,47,7,185
2023,2969317.0,47,7,185
1390,2969743.0,47,7,185
1938,2971564.0,47,7,185
3910,2971584.0,47,7,185
2938,2972356.0,47,7,185
3358,2972376.0,47,7,185
283,2972934.0,47,7,185
2275,2973944.0,47,7,185
1279,2974322.0,47,7,185
69,2974895.0,47,7,185
659,2975790.0,47,7,185
3933,2975810.0,47,7,185
1426,2976640.0,47,7,185
1944,2977365.0,47,7,185
1851,2977994.0,47,7,185
478,2979812.0,47,7,185
2240,2980168.0,47,7,185
1011,2981068.0,47,7,185
4119,2981074.0,47,7,185
1650,2982092.0,47,7,185
2980,2982112.0,47,7,185
3329,2982132.0,47,7,185
1263,2982838.0,47,7,185
3290,2982858.0,47,7,185
1095,2983444.0,47,7,185
4104,2983450.0,47,7,185
717,2984539.0,47,7,185
447,2984763.0,47,7,185
3973,2984783.0,47,7,185
2862,2987946.0,47,7,185
1043,2988306.0,47,7,185
3924,2988326.0,47,7,185
308,2989004.0,47,7,185
2811,2989162.0,47,7,185
1070,2989434.0,47,7,185
611,2989544.0,47,7,185
392,2990467.0,47,7,185
3889,2990487.0,47,7,185
3316,2990507.0,47,7,185
25,2991178.0,47,7,185
2795,2992130.0,47,7,185
1528,2993905.0,47,7,185
3543,2993925.0,47,7,185
912,2994847.0,47,7,185
38,2995828.0,47,7,185
1890,2996428.0,47,7,185
1155,2996906.0,47,7,185
2060,2999505.0,47,7,185
1544,3000594.0,47,7,185
2760,3004128.0,47,7,185
138,3004974.0,47,7,185
2749,3006092.0,47,7,185
1367,3006522.0,47,7,185
884,3007053.0,47,7,185
3367,3007073.0,47,7,185
3693,3007093.0,47,7,185
1562,3007995.0,47,7,185
4031,3008015.0,47,7,185
2389,3011687.0,47,7,185
2955,3019110.0,47,7,185
3108,3019130.0,47,7,185
1787,3019963.0,47,7,185
259,3020696.0,47,7,185
1468,3022962.0,47,7,185
3625,3022982.0,47,7,185
4074,3023002.0,47,7,185
3900,3023022.0,47,7,185
1835,3023756.0,47,7,185
656,3024989.0,47,7,185
1775,3027829.0,47,7,185
1160,3028257.0,47,7,185
4048,3028277.0,47,7,185
2304,3029762.0,47,7,185
879,3030562.0,47,7,185
2959,3031200.0,47,7,185
2441,3034988.0,47,7,185
863,3036077.0,47,7,185
3589,3036097.0,47,7,185
3495,3036117.0,47,7,185
1767,3037180.0,47,7,185
3428,3037200.0,47,7,185
896,3038102.0,47,7,185
1092,3038342.0,47,7,185
3439,3038362.0,47,7,185
1921,3039118.0,47,7,185
2259,3043205.0,47,7,185
2588,3045916.0,47,7,185
490,3046572.0,47,7,185
2825,3052868.0,47,7,185
2772,3057264.0,47,7,185
1172,3057657.0,47,7,185
1028,3057945.0,47,7,185
956,3058953.0,47,7,185
1884,3059769.0,47,7,185
1235,3060041.0,47,7,185
591,3060752.0,47,7,185
2945,3069719.0,47,7,185
1230,3069974.0,47,7,185
901,3071223.0,47,7,185
3903,3071243.0,47,7,185
2143,3072951.0,47,7,185
2086,3074017.0,47,7,185
1377,3074223.0,47,7,185
1931,3075259.0,47,7,185
3075,3075279.0,47,7,185
70,3076431.0,47,7,185
2317,3077970.0,47,7,185
4027,3077990.0,47,7,185
1803,3083066.0,47,7,185
648,3083743.0,47,7,185
2244,3084377.0,47,7,185
3301,3084397.0,47,7,185
129,3085530.0,47,7,185
3169,3085550.0,47,7,185
4080,3085570.0,47,7,185
3590,3085590.0,47,7,185
3083,3085610.0,47,7,185
2991,3085630.0,47,7,185
1507,3086930.0,47,7,185
405,3087375.0,47,7,185
3147,3087395.0,47,7,185
874,3088557.0,47,7,185
3609,3088577.0,47,7,185
267,3089138.0,47,7,185
2295,3091256.0,47,7,185
1343,3091529.0,47,7,185
572,3092284.0,47,7,185
3221,3092304.0,47,7,185
2853,3093995.0,47,7,185
2513,3102067.0,47,7,185
3541,3102087.0,47,7,185
907,3102763.0,47,7,185
1625,3103636.0,47,7,185
2897,3104109.0,47,7,185
2774,3105101.0,47,7,185
554,3105904.0,47,7,185
14,3106400.0,47,7,185
746,3107170.0,47,7,185
1174,3107473.0,47,7,185
2625,3108086.0,47,7,185
1623,3109049.0,47,7,185
3028,3109069.0,47,7,185
3796,3109089.0,47,7,185
3137,3109109.0,47,7,185
838,3109864.0,47,7,185
2572,3111829.0,47,7,185
2089,3112372.0,47,7,185
1029,3112879.0,47,7,185
468,3113437.0,47,7,185
2982,3113457.0,47,7,185
1032,3114043.0,47,7,185
2377,3121972.0,47,7,185
3124,3121992.0,47,7,185
3761,3122012.0,47,7,185
665,3122793.0,47,7,185
2589,3123811.0,47,7,185
227,3124521.0,47,7,185
2379,3125050.0,47,7,185
3105,3125070.0,47,7,185
3746,3125090.0,47,7,185
2715,3133680.0,47,7,185
2022,3133956.0,47,7,185
2324,3135227.0,47,7,185
1015,3136668.0,47,7,185
1185,3136923.0,47,7,185
2616,3137881.0,47,7,185
2601,3142649.0,47,7,185
473,3143309.0,47,7,185
3318,3143329.0,47,7,185
1031,3143637.0,47,7,185
678,3144809.0,47,7,185
696,3145708.0,47,7,185
3099,3145728.0,47,7,185
1907,3227874.0,47,7,190
3180,3227894.0,47,7,190
501,3228405.0,47,7,190
89,3229245.0,47,7,190
2352,3229750.0,47,7,190
3550,3229770.0,47,7,190
2155,3233900.0,47,7,190
2903,3234256.0,47,7,190
2453,3234807.0,47,7,190
2263,3242040.0,47,7,190
3798,3242060.0,47,7,190
2314,3242375.0,47,7,190
2739,3245302.0,47,7,190
3090,3245322.0,47,7,190
2627,3246185.0,47,7,190
1434,3247181.0,47,7,190
2450,3248506.0,47,7,190
1203,3249086.0,47,7,190
492,3249848.0,47,7,190
3574,3249868.0,47,7,190
3776,3249888.0,47,7,190
1404,3250220.0,47,7,190
2661,3251588.0,47,7,190
3425,3251608.0,47,7,190
3584,3251628.0,47,7,190
1773,3252744.0,47,7,190
1300,3253002.0,47,7,190
578,3253585.0,47,7,190
251,3253695.0,47,7,190
3291,3253715.0,47,7,190
500,3254747.0,47,7,190
3649,3254767.0,47,7,190
2417,3255222.0,47,7,190
2038,3256070.0,47,7,190
4111,3256076.0,47,7,190
2555,3256633.0,47,7,190
3010,3256653.0,47,7,190
671,3257267.0,47,7,190
2012,3261903.0,47,7,190
2976,3261923.0,47,7,190
1514,3262973.0,47,7,190
1583,3263982.0,47,7,190
1392,3264489.0,47,7,190
1276,3264761.0,47,7,190
2496,3265709.0,47,7,190
3017,3265729.0,47,7,190
3177,3265749.0,47,7,190
1199,3265959.0,47,7,190
601,3266637.0,47,7,190
3756,3266657.0,47,7,190
1221,3266915.0,47,7,190
3671,3266935.0,47,7,190
3797,3266955.0,47,7,190
3834,3266975.0,47,7,190
348,3267887.0,47,7,190
2262,3268181.0,47,7,190
3706,3268201.0,47,7,190
4032,3268221.0,47,7,190
3003,3268241.0,47,7,190
1525,3269677.0,47,7,190
4096,3269697.0,47,7,190
3304,3269717.0,47,7,190
3224,3269737.0,47,7,190
258,3270129.0,47,7,190
2587,3273776.0,47,7,190
3687,3273796.0,47,7,190
3454,3273816.0,47,7,190
418,3274495.0,47,7,190
3879,3274515.0,47,7,190
3411,3274535.0,47,7,190
1952,3275051.0,47,7,190
3391,3275071.0,47,7,190
155,3275642.0,47,7,190
2676,3278585.0,47,7,190
3369,3278605.0,47,7,190
1894,3279443.0,47,7,190
2025,3279763.0,47,7,190
186,3280835.0,47,7,190
965,3281882.0,47,7,190
799,3282654.0,47,7,190
58,3283241.0,47,7,190
1306,3283421.0,47,7,190
4024,3283441.0,47,7,190
2399,3285608.0,47,7,190
493,3286341.0,47,7,190
2799,3288268.0,47,7,190
1424,3289187.0,47,7,190
1189,3289647.0,47,7,190
2896,3290106.0,47,7,190
3766,3290126.0,47,7,190
2921,3292141.0,47,7,190
1713,3294886.0,47,7,190
3727,3294906.0,47,7,190
3207,3294926.0,47,7,190
1810,3295546.0,47,7,190
106,3296486.0,47,7,190
474,3296928.0,47,7,190
1840,3298052.0,47,7,190
150,3298498.0,47,7,190
1585,3299327.0,47,7,190
2564,3301786.0,47,7,190
1689,3302359.0,47,7,190
1664,3303502.0,47,7,190
2452,3303801.0,47,7,190
2664,3305203.0,47,7,190
1412,3305476.0,47,7,190
2254,3305841.0,47,7,190
1450,3306577.0,47,7,190
704,3307293.0,47,7,190
610,3307790.0,47,7,190
1357,3308706.0,47,7,190
1710,3309522.0,47,7,190
2183,3316317.0,47,7,190
120,3317607.0,47,7,190
2828,3319270.0,47,7,190
4003,3319290.0,47,7,190
3062,3319310.0,47,7,190
476,3320264.0,47,7,190
1059,3320690.0,47,7,190
2781,3321623.0,47,7,190
1053,3321895.0,47,7,190
3981,3321915.0,47,7,190
1024,3323009.0,47,7,190
1265,3323282.0,47,7,190
3475,3323302.0,47,7,190
548,3323788.0,47,7,190
1491,3328218.0,47,7,190
2046,3328489.0,47,7,190
986,3329189.0,47,7,190
3716,3329209.0,47,7,190
3247,3329229.0,47,7,190
609,3330252.0,47,7,190
1370,3330559.0,47,7,190
628,3331485.0,47,7,190
1290,3331871.0,47,7,190
2580,3332227.0,47,7,190
1502,3332918.0,47,7,190
3624,3332938.0,47,7,190
2784,3336334.0,47,7,190
3612,3336354.0,47,7,190
3949,3336374.0,47,7,190
253,3337303.0,47,7,190
1423,3338405.0,47,7,190
3278,3338425.0,47,7,190
4028,3338445.0,47,7,190
3361,3338465.0,47,7,190
1111,3338737.0,47,7,190
1690,3339532.0,47,7,190
2936,3339871.0,47,7,190
939,3340632.0,47,7,190
3462,3340652.0,47,7,190
2351,3342334.0,47,7,190
4030,3342354.0,47,7,190
1873,3343485.0,47,7,190
2291,3344741.0,47,7,190
3594,3344761.0,47,7,190
1637,3345608.0,47,7,190
706,3346797.0,47,7,190
2269,3349812.0,47,7,190
3897,3349832.0,47,7,190
1754,3350252.0,47,7,190
2647,3351664.0,47,7,190
2636,3367363.0,47,7,190
321,3368225.0,47,7,190
2442,3371299.0,47,7,190
328,3372140.0,47,7,190
1536,3372596.0,47,7,190
2723,3373514.0,47,7,190
3809,3373534.0,47,7,190
3553,3373554.0,47,7,190
272,3374111.0,47,7,190
2973,3374131.0,47,7,190
3071,3374151.0,47,7,190
19,3374640.0,47,7,190
3957,3374660.0,47,7,190
2790,3375690.0,47,7,190
1545,3376483.0,47,7,190
2430,3379281.0,47,7,190
2907,3379876.0,47,7,190
126,3379986.0,47,7,190
919,3381179.0,47,7,190
149,3381700.0,47,7,190
1380,3382008.0,47,7,190
111,3382644.0,47,7,190
2296,3387821.0,47,7,190
3053,3387841.0,47,7,190
2392,3388266.0,47,7,190
3854,3388286.0,47,7,190
796,3388868.0,47,7,190
1658,3389830.0,47,7,190
275,3390653.0,47,7,190
1316,3391279.0,47,7,190
3300,3391299.0,47,7,190
672,3392199.0,47,7,190
1061,3392665.0,47,7,190
4078,3392685.0,47,7,190
925,3393703.0,47,7,190
1077,3393961.0,47,7,190
2922,3395149.0,47,7,190
1264,3395404.0,47,7,190
3459,3395424.0,47,7,190
773,3396203.0,47,7,190
224,3397078.0,47,7,190
2881,3397832.0,47,7,190
2256,3398108.0,47,7,190
1601,3399060.0,47,7,190
3057,3399080.0,47,7,190
1509,3403560.0,47,7,190
1030,3404078.0,47,7,190
883,3405148.0,47,7,190
276,3405706.0,47,7,190
356,3406264.0,47,7,190
1269,3406770.0,47,7,190
1877,3408024.0,47,7,190
479,3408510.0,47,7,190
835,3410247.0,47,7,190
3954,3410267.0,47,7,190
477,3410771.0,47,7,190
1445,3411784.0,47,7,190
2154,3420329.0,47,7,190
3641,3420349.0,47,7,190
2160,3421414.0,47,7,190
4064,3421434.0,47,7,190
2085,3423117.0,47,7,190
3713,3423137.0,47,7,190
762,3423924.0,47,7,190
2969,3423944.0,47,7,190
2617,3424215.0,47,7,190
3888,3424235.0,47,7,190
2142,3424752.0,47,7,190
393,3425791.0,47,7,190
3000,3425811.0,47,7,190
1655,3426725.0,47,7,190
1150,3427271.0,47,7,190
1420,3427555.0,47,7,190
1869,3428560.0,47,7,190
34,3429231.0,47,7,190
2020,3430549.0,47,7,190
2861,3432989.0,47,7,190
1006,3434122.0,47,7,190
2432,3434730.0,47,7,190
3194,3434750.0,47,7,190
3091,3434770.0,47,7,190
357,3435415.0,47,7,190
256,3436498.0,47,7,190
3618,3436518.0,47,7,190
1458,3437315.0,47,7,190
1671,3438555.0,47,7,190
2495,3439865.0,47,7,190
1704,3441586.0,47,7,190
632,3442405.0,47,7,190
233,3443476.0,47,7,190
465,3444288.0,47,7,190
679,3445095.0,47,7,190
1872,3445686.0,47,7,190
2265,3446277.0,47,7,190
3901,3446297.0,47,7,190
2669,3446731.0,47,7,190
2118,3449960.0,47,7,190
2133,3450972.0,47,7,190
1281,3451518.0,47,7,190
3155,3451538.0,47,7,190
3289,3451558.0,47,7,190
2570,3461372.0,47,7,190
223,3462178.0,47,7,190
645,3463502.0,47,7,190
1765,3464720.0,47,7,190
3937,3464740.0,47,7,190
1618,3465440.0,47,7,190
1923,3466567.0,47,7,190
3326,3466587.0,47,7,190
1530,3467690.0,47,7,190
1878,3468717.0,47,7,190
3093,3468737.0,47,7,190
2464,3470495.0,47,7,190
440,3471005.0,47,7,190
1880,3472162.0,47,7,190
1949,3473000.0,47,7,190
3524,3473020.0,47,7,190
833,3473711.0,47,7,190
3499,3473731.0,47,7,190
3545,3473751.0,47,7,190
4068,3473771.0,47,7,190
3667,3473791.0,47,7,190
370,3474390.0,47,7,190
3518,3474410.0,47,7,190
2193,3477038.0,47,7,190
2360,3477465.0,47,7,190
3782,3477485.0,47,7,190
266,3478042.0,47,7,190
3030,3478062.0,47,7,190
466,3479604.0,47,7,190
2685,3480214.0,47,7,190
3635,3480234.0,47,7,190
2202,3483136.0,47,7,190
1955,3484335.0,47,7,190
2655,3490727.0,47,7,190
724,3491765.0,47,7,190
1822,3492763.0,47,7,190
3118,3492783.0,47,7,190
1175,3493056.0,47,7,190
1395,3493602.0,47,7,190
1368,3493860.0,47,7,190
1693,3494781.0,47,7,190
1724,3495327.0,47,7,190
439,3496047.0,47,7,190
377,3496936.0,47,7,190
589,3497360.0,47,7,190
4044,3497380.0,47,7,190
1790,3502499.0,47,7,190
1613,3503608.0,47,7,190
3040,3503628.0,47,7,190
2343,3504044.0,47,7,190
469,3504704.0,47,7,190
3866,3504724.0,47,7,190
785,3505913.0,47,7,190
1190,3506378.0,47,7,190
2988,3506398.0,47,7,190
3297,3506418.0,47,7,190
3159,3506438.0,47,7,190
2630,3506806.0,47,7,190
3360,3506826.0,47,7,190
2002,3507572.0,47,7,190
1905,3508537.0,47,7,190
2335,3519537.0,47,7,190
740,3520227.0,47,7,190
2205,3524527.0,47,7,190
748,3525368.0,47,7,190
330,3526036.0,47,7,190
2916,3527521.0,47,7,190
4097,3527541.0,47,7,190
2623,3532012.0,47,7,190
3786,3532032.0,47,7,190
1173,3532305.0,47,7,190
2927,3534355.0,47,7,190
1414,3534625.0,47,7,190
526,3534885.0,47,7,190
3681,3534905.0,47,7,190
1733,3535642.0,47,7,190
98,3536335.0,47,7,190
1770,3537081.0,47,7,190
4040,3537101.0,47,7,190
2035,3537685.0,47,7,190
733,3538809.0,47,7,190
2345,3540056.0,47,7,190
3256,3540076.0,47,7,190
2153,3542332.0,47,7,190
1640,3543214.0,47,7,190
3109,3543234.0,47,7,190
596,3544080.0,47,7,190
1311,3544445.0,47,7,190
3192,3544465.0,47,7,190
1288,3545061.0,47,7,190
2480,3546431.0,47,7,190
36,3546870.0,47,7,190
3166,3546890.0,47,7,190
502,3547397.0,47,7,190
182,3548663.0,47,7,190
942,3549373.0,47,7,190
1141,3549583.0,47,7,190
1140,3550010.0,47,7,190
3810,3550030.0,47,7,190
1372,3550395.0,47,7,190
576,3551378.0,47,7,190
4110,3551384.0,47,7,190
2354,3553128.0,47,7,190
247,3553850.0,47,7,190
1165,3554316.0,47,7,190
2516,3555229.0,47,7,190
3559,3555249.0,47,7,190
3049,3555269.0,47,7,190
710,3555896.0,47,7,190
4071,3555916.0,47,7,190
1461,3556828.0,47,7,190
1698,3557998.0,47,7,190
2075,3559213.0,47,7,190
3919,3559233.0,47,7,190
4061,3559253.0,47,7,190
1685,3560295.0,47,7,190
3740,3560315.0,47,7,190
3232,3560335.0,47,7,190
3710,3560355.0,47,7,190
2552,3562225.0,47,7,190
428,3562962.0,47,7,190
209,3563222.0,47,7,190
2840,3563677.0,47,7,190
3345,3563697.0,47,7,190
3717,3563717.0,47,7,190
3496,3563737.0,47,7,190
3520,3563757.0,47,7,190
553,3564435.0,47,7,190
564,3565796.0,47,7,190
388,3566804.0,47,7,190
1062,3567062.0,47,7,190
2222,3568357.0,47,7,190
3016,3568377.0,47,7,190
2234,3568733.0,47,7,190
1169,3569119.0,47,7,190
49,3569492.0,47,7,190
1096,3570158.0,47,7,190
3446,3570178.0,47,7,190
2140,3582550.0,47,7,190
483,3583049.0,47,7,190
147,3584106.0,47,7,190
3755,3584126.0,47,7,190
2942,3584661.0,47,7,190
1389,3584978.0,47,7,190
1918,3586259.0,47,7,190
684,3587223.0,47,7,190
1540,3588133.0,47,7,190
3160,3588153.0,47,7,190
2673,3589184.0,47,7,190
1020,3590237.0,47,7,190
1798,3591146.0,47,7,190
2006,3591581.0,47,7,190
2831,3591957.0,47,7,190
2426,3593815.0,47,7,190
3950,3593835.0,47,7,190
12,3594404.0,47,7,190
3355,3594424.0,47,7,190
550,3595626.0,47,7,190
934,3596921.0,47,7,190
4120,3596927.0,47,7,190
4011,3596947.0,47,7,190
1659,3597868.0,47,7,190
1695,3598276.0,47,7,190
1114,3598549.0,47,7,190
4043,3598569.0,47,7,190
3676,3598589.0,47,7,190
1932,3599399.0,47,7,190
1622,3600045.0,47,7,190
3856,3600065.0,47,7,190
2934,3600541.0,47,7,190
4118,3600547.0,47,7,190
3704,3600567.0,47,7,190
805,3601428.0,47,7,190
443,3601652.0,47,7,190
2918,3602111.0,47,7,190
2413,3604387.0,47,7,190
3868,3604407.0,47,7,190
3483,3604427.0,47,7,190
3319,3604447.0,47,7,190
559,3605173.0,47,7,190
3142,3605193.0,47,7,190
3202,3605213.0,47,7,190
350,3605323.0,47,7,190
3845,3605343.0,47,7,190
4085,3605363.0,47,7,190
2175,3605881.0,47,7,190
210,3606625.0,47,7,190
159,3607333.0,47,7,190
2598,3612025.0,47,7,190
1439,3618023.0,47,7,190
2190,3619580.0,47,7,190
3167,3619600.0,47,7,190
3450,3619620.0,47,7,190
1083,3619904.0,47,7,190
1305,3620128.0,47,7,190
2756,3622422.0,47,7,190
581,3623002.0,47,7,190
3610,3623022.0,47,7,190
3794,3623042.0,47,7,190
2765,3623654.0,47,7,190
1157,3623926.0,47,7,190
3703,3623946.0,47,7,190
1071,3624306.0,47,7,190
3272,3624326.0,47,7,190
690,3625157.0,47,7,190
1402,3625525.0,47,7,190
3259,3625545.0,47,7,190
3196,3625565.0,47,7,190
4036,3625585.0,47,7,190
1241,3626131.0,47,7,190
2520,3626932.0,47,7,190
2645,3627315.0,47,7,190
3183,3627335.0,47,7,190
1248,3628011.0,47,7,190
1532,3628949.0,47,7,190
261,3629683.0,47,7,190
2258,3631220.0,47,7,190
1371,3631645.0,47,7,190
3791,3631665.0,47,7,190
1314,3631923.0,47,7,190
3855,3631943.0,47,7,190
199,3633077.0,47,7,190
998,3633927.0,47,7,190
1421,3634403.0,47,7,190
3678,3634423.0,47,7,190
1611,3635263.0,47,7,190
2203,3641195.0,47,7,190
3295,3641215.0,47,7,190
33,3642087.0,47,7,190
4,3642871.0,47,7,190
1608,3643949.0,47,7,190
39,3644377.0,47,7,190
3623,3644397.0,47,7,190
3274,3644417.0,47,7,190
892,3645619.0,47,7,190
3200,3645639.0,47,7,190
1960,3646508.0,47,7,190
1844,3647309.0,47,7,190
3330,3647329.0,47,7,190
1384,3647995.0,47,7,190
1139,3648461.0,47,7,190
91,3648847.0,47,7,190
3072,3648867.0,47,7,190
345,3649499.0,47,7,190
2986,3649519.0,47,7,190
2566,3653481.0,47,7,190
225,3654451.0,47,7,190
983,3655131.0,47,7,190
1624,3655771.0,47,7,190
3094,3655791.0,47,7,190
1358,3656159.0,47,7,190
1135,3656466.0,47,7,190
171,3657212.0,47,7,190
2137,3659188.0,47,7,190
1416,3659461.0,47,7,190
1739,3682822.0,47,7,190
3416,3682842.0,47,7,190
2384,3685748.0,47,7,190
546,3686936.0,47,7,190
1330,3687308.0,47,7,190
1447,3688586.0,47,7,190
374,3689005.0,47,7,190
840,3690613.0,47,7,190
2358,3692939.0,47,7,190
3731,3692959.0,47,7,190
1344,3693183.0,47,7,190
3758,3693203.0,47,7,190
1201,3693668.0,47,7,190
1151,3693878.0,47,7,190
4089,3693898.0,47,7,190
3821,3693918.0,47,7,190
4007,3693938.0,47,7,190
2544,3696405.0,47,7,190
3331,3696425.0,47,7,190
3512,3696445.0,47,7,190
1497,3697183.0,47,7,190
168,3697293.0,47,7,190
1975,3698218.0,47,7,190
832,3699152.0,47,7,190
3622,3699172.0,47,7,190
3303,3699192.0,47,7,190
494,3699641.0,47,7,190
2820,3700333.0,47,7,190
962,3701027.0,47,7,190
3659,3701047.0,47,7,190
1746,3703220.0,47,7,190
3349,3703240.0,47,7,190
2076,3703621.0,47,7,190
2177,3704353.0,47,7,190
3327,3704373.0,47,7,190
193,3705652.0,47,7,190
4098,3705672.0,47,7,190
1432,3707084.0,47,7,190
1376,3707510.0,47,7,190
3261,3707530.0,47,7,190
3847,3707550.0,47,7,190
585,3708312.0,47,7,190
1272,3708536.0,47,7,190
2869,3709390.0,47,7,190
4090,3709410.0,47,7,190
2144,3710017.0,47,7,190
3628,3710037.0,47,7,190
437,3710597.0,47,7,190
1142,3711220.0,47,7,190
2215,3716692.0,47,7,190
2898,3717463.0,47,7,190
1966,3717893.0,47,7,190
3721,3717913.0,47,7,190
450,3718203.0,47,7,190
3921,3718223.0,47,7,190
3666,3718243.0,47,7,190
3599,3718263.0,47,7,190
2675,3718791.0,47,7,190
2410,3725741.0,47,7,190
2204,3733195.0,47,7,190
756,3733977.0,47,7,190
845,3734988.0,47,7,190
2402,3735379.0,47,7,190
2993,3735399.0,47,7,190
574,3735509.0,47,7,190
2073,3736006.0,47,7,190
3249,3736026.0,47,7,190
1670,3739408.0,47,7,190
2382,3740232.0,47,7,190
3673,3740252.0,47,7,190
236,3741182.0,47,7,190
957,3742309.0,47,7,190
2531,3746362.0,47,7,190
718,3747182.0,47,7,190
99,3747890.0,47,7,190
2062,3750900.0,47,7,190
2695,3753890.0,47,7,190
1566,3754656.0,47,7,190
2693,3754998.0,47,7,190
3185,3755018.0,47,7,190
3895,3755038.0,47,7,190
580,3755513.0,47,7,190
2978,3755533.0,47,7,190
2126,3757789.0,47,7,190
2870,3759174.0,47,7,190
794,3760090.0,47,7,190
1564,3761181.0,47,7,190
910,3762223.0,47,7,190
3617,3762243.0,47,7,190
1143,3762611.0,47,7,190
2503,3763638.0,47,7,190
1716,3764767.0,47,7,190
1506,3765508.0,47,7,190
2856,3768711.0,47,7,190
1207,3768983.0,47,7,190
1696,3770481.0,47,7,190
1748,3777134.0,47,7,190
960,3778025.0,47,7,190
1236,3778385.0,47,7,190
900,3779581.0,47,7,190
2652,3780113.0,47,7,190
525,3781345.0,47,7,190
515,3782315.0,47,7,190
1355,3782941.0,47,7,190
127,3783834.0,47,7,190
513,3784567.0,47,7,190
1453,3785496.0,47,7,190
2808,3786703.0,47,7,190
2473,3788639.0,47,7,190
2125,3790759.0,47,7,190
2981,3790779.0,47,7,190
3260,3790799.0,47,7,190
2267,3791740.0,47,7,190
1925,3792731.0,47,7,190
3999,3792751.0,47,7,190
3718,3792771.0,47,7,190
2748,3793613.0,47,7,190
2156,3795837.0,47,7,190
3844,3795857.0,47,7,190
2339,3805145.0,47,7,190
3598,3805165.0,47,7,190
2717,3809210.0,47,7,190
2619,3810267.0,47,7,190
527,3810686.0,47,7,190
461,3811719.0,47,7,190
3092,3811739.0,47,7,190
1654,3812658.0,47,7,190
2813,3813229.0,47,7,190
3045,3813249.0,47,7,190
1936,3814479.0,47,7,190
3058,3814499.0,47,7,190
3942,3814519.0,47,7,190
2289,3815950.0,47,7,190
3163,3815970.0,47,7,190
1012,3816615.0,47,7,190
966,3817514.0,47,7,190
1850,3818607.0,47,7,190
2052,3822074.0,47,7,190
2196,3823539.0,47,7,190
2010,3824729.0,47,7,190
2860,3827015.0,47,7,190
2068,3828826.0,47,7,190
3994,3828846.0,47,7,190
3989,3828866.0,47,7,190
853,3829926.0,47,7,190
1058,3830286.0,47,7,190
3503,3830306.0,47,7,190
801,3831529.0,47,7,190
3246,3831549.0,47,7,190
562,3832126.0,47,7,190
3114,3832146.0,47,7,190
1816,3832895.0,47,7,190
2743,3835346.0,47,7,190
3562,3835366.0,47,7,190
3484,3835386.0,47,7,190
503,3835958.0,47,7,190
3615,3835978.0,47,7,190
3,3836653.0,47,7,190
516,3837211.0,47,7,190
3838,3837231.0,47,7,190
772,3837906.0,47,7,190
1554,3839082.0,47,7,190
3685,3839102.0,47,7,190
3113,3839122.0,47,7,190
3426,3839142.0,47,7,190
681,3840308.0,47,7,190
3513,3840328.0,47,7,190
1808,3840955.0,47,7,190
2958,3843034.0,47,7,190
3708,3843054.0,47,7,190
1187,3843600.0,47,7,190
3642,3843620.0,47,7,190
383,3844459.0,47,7,190
1284,3844669.0,47,7,190
881,3845602.0,47,7,190
864,3846429.0,47,7,190
947,3847269.0,47,7,190
1980,3847776.0,47,7,190
11,3848231.0,47,7,190
899,3849186.0,47,7,190
4035,3849206.0,47,7,190
2458,3849526.0,47,7,190
2822,3852610.0,47,7,190
2691,3853609.0,47,7,190
3067,3853629.0,47,7,190
311,3854097.0,47,7,190
3036,3854117.0,47,7,190
2935,3854496.0,47,7,190
1620,3855665.0,47,7,190
876,3856663.0,47,7,190
624,3857821.0,47,7,190
1239,3858477.0,47,7,190
2147,3863426.0,47,7,190
1750,3864373.0,47,7,190
867,3864934.0,47,7,190
239,3865968.0,47,7,190
2028,3868478.0,47,7,190
105,3868903.0,47,7,190
3056,3868923.0,47,7,190
386,3869499.0,47,7,190
1761,3870288.0,47,7,190
1868,3871055.0,47,7,190
793,3871806.0,47,7,190
81,3872546.0,47,7,190
387,3873540.0,47,7,190
836,3874881.0,47,7,190
316,3875802.0,47,7,190
514,3876062.0,47,7,190
3164,3876082.0,47,7,190
3280,3876102.0,47,7,190
3944,3876122.0,47,7,190
2713,3877684.0,47,7,190
2612,3877864.0,47,7,190
2985,3877884.0,47,7,191
3892,3877904.0,47,7,191
3325,3877924.0,47,7,191
2724,3879097.0,47,7,191
2101,3881195.0,47,7,191
849,3883036.0,47,7,191
2839,3892143.0,47,7,191
4103,3892149.0,47,7,191
708,3892995.0,47,7,191
2512,3896120.0,47,7,191
3111,3896140.0,47,7,191
2434,3900154.0,47,7,191
924,3901227.0,47,7,191
2501,3903986.0,47,7,191
826,3905003.0,47,7,191
3235,3905023.0,47,7,191
1633,3909608.0,47,7,191
385,3909934.0,47,7,191
3138,3909954.0,47,7,191
597,3910304.0,47,7,191
2241,3913275.0,47,7,191
790,3914175.0,47,7,191
262,3914624.0,47,7,191
2515,3915852.0,47,7,191
3669,3915872.0,47,7,191
2123,3916712.0,47,7,191
1520,3918411.0,47,7,191
17,3919060.0,47,7,191
657,3920085.0,47,7,191
1289,3920393.0,47,7,191
141,3920766.0,47,7,192
1574,3921629.0,47,7,192
4062,3921649.0,47,7,192
837,3922850.0,47,7,192
85,3923685.0,47,7,192
3536,3923705.0,47,7,192
1729,3924599.0,47,7,192
2223,3925214.0,47,7,192
3477,3925234.0,47,7,192
2042,3926326.0,47,7,192
3964,3926346.0,47,7,192
2100,3929078.0,47,7,192
3978,3929098.0,47,7,192
4067,3929118.0,47,7,192
2299,3929582.0,47,7,192
3383,3929602.0,47,7,192
116,3929892.0,47,7,192
3172,3929912.0,47,7,192
3778,3929932.0,47,7,192
62,3930790.0,47,7,192
2398,3932895.0,47,7,192
389,3933612.0,47,7,192
2486,3936103.0,47,7,192
166,3936213.0,47,7,192
1679,3937082.0,47,7,192
2064,3937744.0,47,7,192
1195,3938017.0,47,7,192
423,3938786.0,47,7,192
3413,3938806.0,47,7,192
3908,3938826.0,47,7,192
13,3939734.0,47,7,192
1521,3940316.0,47,7,192
3044,3940336.0,47,7,192
767,3941346.0,47,7,192
3312,3941366.0,47,7,192
3199,3941386.0,47,7,192
2015,3942504.0,47,7,192
6,3942830.0,47,7,192
294,3943547.0,47,7,192
160,3944592.0,47,7,192
731,3946219.0,47,7,192
3515,3946239.0,47,7,192
2353,3947933.0,47,7,192
1825,3948947.0,47,7,192
3214,3948967.0,47,7,192
1373,3949173.0,47,7,192
1771,3950128.0,47,7,192
1801,3950892.0,47,7,192
1474,3951684.0,47,7,192
3532,3951704.0,47,7,192
2947,3953472.0,47,7,192
1563,3954363.0,47,7,192
1669,3955813.0,47,7,192
2087,3956232.0,47,7,192
888,3956957.0,47,7,192
3371,3956977.0,47,7,192
3226,3956997.0,47,7,192
3684,3957017.0,47,7,192
2902,3958764.0,47,7,192
3407,3958784.0,47,7,192
3935,3958804.0,47,7,192
1350,3959502.0,47,7,192
323,3960256.0,47,7,192
1145,3960366.0,47,7,192
3578,3960386.0,47,7,192
3522,3960406.0,47,7,192
3005,3960426.0,47,7,192
3741,3960446.0,47,7,192
3815,3960466.0,47,7,192
1148,3960754.0,47,7,192
1401,3961026.0,47,7,192
3396,3961046.0,47,7,192
470,3961640.0,47,7,192
3757,3961660.0,47,7,192
2053,3963214.0,47,7,192
3253,3963234.0,47,7,192
583,3963643.0,47,7,192
686,3964548.0,47,7,192
677,3965715.0,47,7,192
1243,3966191.0,47,7,192
2031,3967687.0,47,7,192
3190,3967707.0,47,7,192
1134,3967931.0,47,7,192
1843,3969299.0,47,7,192
1353,3969791.0,47,7,192
3745,3969811.0,47,7,192
1482,3970739.0,47,7,192
1518,3971598.0,47,7,192
3213,3971618.0,47,7,192
3683,3971638.0,47,7,192
93,3972288.0,47,7,192
1768,3973635.0,47,7,192
897,3974453.0,47,7,192
3558,3974473.0,47,7,192
1928,3975647.0,47,7,192
268,3976402.0,47,7,192
749,3977044.0,47,7,192
363,3977523.0,47,7,192
4117,3977529.0,47,7,192
1614,3978547.0,47,7,192
1152,3979192.0,47,7,192
1104,3979416.0,47,7,192
1473,3981275.0,47,7,192
2368,4011559.0,47,7,192
2129,4012531.0,47,7,192
3554,4012551.0,47,7,192
2919,4013934.0,47,7,192
2683,4017854.0,47,7,192
674,4018376.0,47,7,192
3860,4018396.0,47,7,192
3395,4018416.0,47,7,192
3602,4018436.0,47,7,192
551,4019224.0,47,7,192
426,4019616.0,47,7,192
2654,4022074.0,47,7,192
3487,4022094.0,47,7,192
2106,4022709.0,47,7,192
1003,4023828.0,47,7,192
621,4024670.0,47,7,192
198,4025359.0,47,7,192
412,4026499.0,47,7,192
2491,4032258.0,47,7,192
21,4032649.0,47,7,192
1819,4034743.0,47,7,192
1296,4035355.0,47,7,192
1417,4036061.0,47,7,192
606,4036351.0,47,7,192
3441,4036371.0,47,7,192
47,4036820.0,47,7,192
172,4036930.0,47,7,192
3506,4036950.0,47,7,192
1962,4037385.0,47,7,192
2764,4039898.0,47,7,192
2230,4042271.0,47,7,192
3988,4042291.0,47,7,192
79,4042707.0,47,7,192
123,4043487.0,47,7,192
102,4044430.0,47,7,192
2113,4056090.0,47,7,192
3998,4056110.0,47,7,192
3570,4056130.0,47,7,192
347,4056654.0,47,7,192
1147,4056926.0,47,7,192
1893,4058050.0,47,7,192
3337,4058070.0,47,7,192
1086,4058498.0,47,7,192
3276,4058518.0,47,7,192
2298,4060888.0,47,7,192
2270,4068449.0,47,7,192
3990,4068469.0,47,7,192
3102,4068489.0,47,7,192
561,4069483.0,47,7,192
1820,4070358.0,47,7,192
3917,4070378.0,47,7,192
2288,4071048.0,47,7,192
1593,4071948.0,47,7,192
2511,4080219.0,47,7,192
768,4081297.0,47,7,192
2864,4081689.0,47,7,192
342,4081949.0,47,7,192
3292,4081969.0,47,7,192
3982,4081989.0,47,7,192
2338,4083587.0,47,7,192
1561,4084273.0,47,7,192
972,4085459.0,47,7,192
1951,4086631.0,47,7,192
112,4086921.0,47,7,192
2321,4089603.0,47,7,192
2854,4090182.0,47,7,192
3438,4090202.0,47,7,192
3242,4090222.0,47,7,192
1766,4091074.0,47,7,192
3876,4091094.0,47,7,192
495,4092048.0,47,7,192
2435,4092566.0,47,7,192
456,4093216.0,47,7,192
913,4094378.0,47,7,192
607,4094792.0,47,7,192
3026,4094812.0,47,7,192
1709,4095706.0,47,7,192
2323,4096070.0,47,7,192
1427,4102563.0,47,7,192
2578,4104104.0,47,7,192
4038,4104124.0,47,7,192
1917,4104976.0,47,7,192
2436,4106146.0,47,7,192
3012,4106166.0,47,7,192
2481,4107052.0,47,7,192
1662,4112115.0,47,7,192
1865,4113324.0,47,7,192
1219,4113627.0,47,7,192
2734,4116655.0,47,7,192
1409,4117321.0,47,7,192
751,4117940.0,47,7,192
992,4118701.0,47,7,192
2583,4121591.0,47,7,192
28,4122579.0,47,7,192
1044,4123221.0,47,7,192
354,4125072.0,47,7,192
164,4125182.0,47,7,192
2805,4125700.0,47,7,192
1892,4126120.0,47,7,192
2364,4127478.0,47,7,192
3563,4127498.0,47,7,192
0,4128162.0,47,7,192
3417,4128182.0,47,7,192
518,4128472.0,47,7,192
2754,4129594.0,47,7,192
2493,4133619.0,47,7,192
2882,4134429.0,47,7,192
1737,4134975.0,47,7,192
2107,4136022.0,47,7,192
1845,4137229.0,47,7,192
3161,4137249.0,47,7,192
2067,4138110.0,47,7,192
1956,4139194.0,47,7,192
2228,4140241.0,47,7,192
3298,4140261.0,47,7,192
2581,4140706.0,47,7,192
1570,4141240.0,47,7,192
364,4141823.0,47,7,192
1898,4142736.0,47,7,192
298,4143932.0,47,7,192
2173,4147518.0,47,7,192
3875,4147538.0,47,7,192
536,4147798.0,47,7,192
290,4148537.0,47,7,192
1900,4149715.0,47,7,192
3197,4149735.0,47,7,192
2361,4153397.0,47,7,192
45,4154183.0,47,7,192
3593,4154203.0,47,7,192
2119,4156267.0,47,7,192
3419,4156287.0,47,7,192
1255,4156713.0,47,7,192
1356,4156971.0,47,7,192
3812,4156991.0,47,7,192
3073,4157011.0,47,7,192
3660,4157031.0,47,7,192
2596,4235422.0,47,7,192
3080,4235442.0,47,7,192
3141,4235462.0,47,7,192
1934,4236188.0,47,7,192
3023,4236208.0,47,7,192
3082,4236228.0,47,7,192
4063,4236248.0,47,7,192
952,4237955.0,47,7,192
2801,4239077.0,47,7,192
921,4239971.0,47,7,192
1231,4240331.0,47,7,192
3488,4240351.0,47,7,192
1410,4240817.0,47,7,192
1589,4241965.0,47,7,192
4050,4241985.0,47,7,192
3816,4242005.0,47,7,192
555,4242622.0,47,7,192
529,4243297.0,47,7,192
3209,4243317.0,47,7,192
3106,4243337.0,47,7,192
1743,4246364.0,47,7,192
661,4247405.0,47,7,192
1920,4248638.0,47,7,192
851,4249339.0,47,7,192
1513,4250575.0,47,7,192
2477,4250962.0,47,7,192
1838,4252147.0,47,7,192
1837,4253400.0,47,7,192
558,4253918.0,47,7,192
870,4254882.0,47,7,192
185,4255172.0,47,7,192
339,4256346.0,47,7,192
3530,4256366.0,47,7,192
532,4257099.0,47,7,192
2099,4258128.0,47,7,192
1483,4258819.0,47,7,192
1075,4259043.0,47,7,192
3237,4259063.0,47,7,192
695,4259637.0,47,7,192
2745,4260101.0,47,7,192
229,4260729.0,47,7,192
2427,4265131.0,47,7,192
2439,4266041.0,47,7,192
750,4267021.0,47,7,192
1052,4267567.0,47,7,192
531,4268075.0,47,7,192
3614,4268095.0,47,7,192
53,4268697.0,47,7,192
2793,4269201.0,47,7,192
410,4269587.0,47,7,192
1774,4270428.0,47,7,192
984,4271138.0,47,7,192
1419,4271707.0,47,7,192
1297,4271965.0,47,7,192
1517,4272945.0,47,7,192
2416,4280842.0,47,7,192
202,4281132.0,47,7,192
2350,4290039.0,47,7,192
694,4290531.0,47,7,192
3972,4290551.0,47,7,192
969,4291600.0,47,7,192
287,4292446.0,47,7,192
539,4292986.0,47,7,192
3311,4293006.0,47,7,192
3006,4293026.0,47,7,192
3206,4293046.0,47,7,192
73,4293954.0,47,7,192
2246,4294972.0,47,7,192
1365,4295280.0,47,7,192
3414,4295300.0,47,7,192
1688,4296054.0,47,7,192
698,4297158.0,47,7,192
2251,4297692.0,47,7,192
807,4298386.0,47,7,192
744,4299584.0,47,7,192
3257,4299604.0,47,7,192
2595,4300613.0,47,7,192
3365,4300633.0,47,7,192
971,4301339.0,47,7,192
841,4302175.0,47,7,192
3004,4302195.0,47,7,192
3293,4302215.0,47,7,192
2930,4309096.0,47,7,192
1386,4309368.0,47,7,192
2567,4313203.0,47,7,192
2200,4315255.0,47,7,192
1776,4320044.0,47,7,192
1257,4320302.0,47,7,192
1871,4321453.0,47,7,192
798,4322579.0,47,7,192
216,4323527.0,47,7,192
3133,4323547.0,47,7,192
460,4324119.0,47,7,192
1590,4325039.0,47,7,192
1538,4326004.0,47,7,192
2471,4331287.0,47,7,192
2135,4331397.0,47,7,192
3060,4331417.0,47,7,192
288,4332302.0,47,7,192
462,4332412.0,47,7,192
1891,4333205.0,47,7,192
367,4333729.0,47,7,192
1789,4334837.0,47,7,192
1998,4338457.0,47,7,192
2741,4341556.0,47,7,192
3376,4341576.0,47,7,192
3738,4341596.0,47,7,192
1643,4342118.0,47,7,192
220,4342735.0,47,7,192
2885,4343640.0,47,7,192
481,4344253.0,47,7,192
3204,4344273.0,47,7,192
219,4344656.0,47,7,192
2967,4344676.0,47,7,192
57,4345628.0,47,7,192
1101,4346214.0,47,7,192
3279,4346234.0,47,7,192
1090,4346666.0,47,7,192
3046,4346686.0,47,7,192
2292,4347042.0,47,7,192
1267,4347374.0,47,7,192
1617,4440092.0,47,7,192
1436,4440885.0,47,7,192
2149,4443152.0,47,7,192
1037,4443358.0,47,7,192
3299,4443378.0,47,7,192
2890,4446230.0,47,7,192
2537,4447027.0,47,7,192
257,4447705.0,47,7,192
1232,4448008.0,47,7,192
670,4448864.0,47,7,192
3582,4448884.0,47,7,192
1251,4449430.0,47,7,192
4049,4449450.0,47,7,192
1282,4449722.0,47,7,192
1063,4450302.0,47,7,192
1603,4453289.0,47,7,192
3928,4453309.0,47,7,192
3059,4453329.0,47,7,192
2876,4454077.0,47,7,192
806,4455175.0,47,7,192
2380,4455801.0,47,7,192
2792,4458859.0,47,7,192
3236,4458879.0,47,7,192
243,4459386.0,47,7,192
3313,4459406.0,47,7,192
2315,4461124.0,47,7,192
898,4461911.0,47,7,192
890,4462735.0,47,7,192
170,4462845.0,47,7,192
3604,4462865.0,47,7,192
2217,4463178.0,47,7,192
1338,4463724.0,47,7,192
2141,4465678.0,47,7,192
1736,4466686.0,47,7,192
1760,4467862.0,47,7,192
3698,4467882.0,47,7,192
4022,4467902.0,47,7,192
1874,4468850.0,47,7,192
2670,4469174.0,47,7,192
3557,4469194.0,47,7,192
2005,4470349.0,47,7,192
1935,4471413.0,47,7,192
2300,4471895.0,47,7,192
3065,4471915.0,47,7,192
2931,4472222.0,47,7,192
2694,4472561.0,47,7,192
273,4472821.0,47,7,192
1726,4473557.0,47,7,192
2311,4475053.0,47,7,192
2705,4479724.0,47,7,192
2029,4484477.0,47,7,192
487,4484737.0,47,7,192
2271,4485392.0,47,7,192
2951,4485968.0,47,7,192
1347,4486323.0,47,7,192
1946,4649133.0,47,7,197
3435,4649153.0,47,7,197
1831,4650097.0,47,7,197
1942,4650724.0,47,7,197
1676,4651683.0,47,7,197
2929,4652809.0,47,7,197
3653,4652829.0,47,7,197
3572,4652849.0,47,7,197
433,4653109.0,47,7,197
3662,4653129.0,47,7,197
1246,4653995.0,47,7,197
2728,4657581.0,47,7,197
3089,4657601.0,47,7,197
3181,4657621.0,47,7,197
1245,4658047.0,47,7,197
368,4659416.0,47,7,197
2397,4659946.0,47,7,197
3737,4659966.0,47,7,197
1604,4661120.0,47,7,197
3110,4661140.0,47,7,197
3971,4661160.0,47,7,197
2797,4661838.0,47,7,197
711,4663159.0,47,7,197
2858,4664100.0,47,7,197
1010,4664937.0,47,7,197
1253,4665257.0,47,7,197
3640,4665277.0,47,7,197
88,4665567.0,47,7,197
1472,4666500.0,47,7,197
1504,4667046.0,47,7,197
3858,4667066.0,47,7,197
1550,4667933.0,47,7,197
2539,4668301.0,47,7,197
3051,4668321.0,47,7,197
889,4669409.0,47,7,197
902,4670103.0,47,7,197
1128,4670451.0,47,7,197
2367,4670996.0,47,7,197
1292,4671206.0,47,7,197
2124,4673710.0,47,7,197
181,4674403.0,47,7,197
2961,4681099.0,47,7,197
1881,4682242.0,47,7,197
2419,4684993.0,47,7,197
729,4686233.0,47,7,197
1817,4693892.0,47,7,197
4075,4693912.0,47,7,197
1051,4694118.0,47,7,197
2638,4744879.0,47,7,197
451,4745721.0,47,7,197
82,4746568.0,47,7,197
1007,4747510.0,47,7,197
3986,4747530.0,47,7,197
1875,4748177.0,47,7,197
2786,4748563.0,47,7,197
241,4749044.0,47,7,197
643,4750093.0,47,7,197
1383,4750559.0,47,7,197
3705,4750579.0,47,7,197
26,4751475.0,47,7,197
1784,4752048.0,47,7,197
252,4752699.0,47,7,197
41,4753413.0,47,7,197
3350,4753433.0,47,7,197
3195,4753453.0,47,7,197
2547,4754153.0,47,7,197
669,4755017.0,47,7,197
1901,4755798.0,47,7,197
3127,4755818.0,47,7,197
3739,4755838.0,47,7,197
2494,4761040.0,47,7,197
3119,4761060.0,47,7,197
3952,4761080.0,47,7,197
419,4761627.0,47,7,197
1403,4761851.0,47,7,197
2287,4762131.0,47,7,197
1046,4762727.0,47,7,197
2347,4765472.0,47,7,197
2114,4766578.0,47,7,197
84,4767719.0,47,7,197
1318,4768231.0,47,7,197
1876,4769222.0,47,7,197
1240,4769728.0,47,7,197
3657,4769748.0,47,7,197
586,4770998.0,47,7,197
4092,4771018.0,47,7,197
1575,4772321.0,47,7,197
463,4773280.0,47,7,197
1437,4775080.0,47,7,197
2210,4777367.0,47,7,197
1534,4778373.0,47,7,197
1204,4778733.0,47,7,197
3912,4778753.0,47,7,197
2590,4779889.0,47,7,197
1319,4780319.0,47,7,197
3309,4780339.0,47,7,197
3911,4780359.0,47,7,197
2769,4784658.0,47,7,197
3648,4784678.0,47,7,197
196,4784938.0,47,7,197
2687,4786214.0,47,7,197
3696,4786234.0,47,7,197
2337,4787453.0,47,7,197
3240,4787473.0,47,7,197
2722,4788334.0,47,7,197
928,4789291.0,47,7,197
1612,4790969.0,47,7,197
237,4792291.0,47,7,197
3985,4792311.0,47,7,197
2826,4792560.0,47,7,197
2312,4793129.0,47,7,197
303,4793873.0,47,7,197
1763,4794884.0,47,7,197
2044,4796496.0,47,7,197
1708,4797293.0,47,7,197
3386,4797313.0,47,7,197
131,4797686.0,47,7,197
3043,4797706.0,47,7,197
2671,4798154.0,47,7,197
2082,4802444.0,47,7,197
1547,4804968.0,47,7,197
3115,4804988.0,47,7,197
537,4805803.0,47,7,197
279,4806371.0,47,7,197
3597,4806391.0,47,7,197
1100,4806811.0,47,7,197
3033,4806831.0,47,7,197
2719,4807397.0,47,7,197
3526,4807417.0,47,7,197
3123,4807437.0,47,7,197
3893,4807457.0,47,7,197
3455,4807477.0,47,7,197
4109,4807483.0,47,7,197
2556,4808140.0,47,7,197
932,4808834.0,47,7,197
51,4809766.0,47,7,197
3561,4809786.0,47,7,197
1836,4810903.0,47,7,197
512,4811527.0,47,7,197
2238,4813638.0,47,7,197
1758,4814538.0,47,7,197
183,4815136.0,47,7,197
319,4815558.0,47,7,197
1122,4816064.0,47,7,197
1196,4816698.0,47,7,197
1683,4817607.0,47,7,197
3467,4817627.0,47,7,197
3527,4817647.0,47,7,197
1107,4817950.0,47,7,197
1804,4818905.0,47,7,197
1212,4819237.0,47,7,197
2136,4819946.0,47,7,197
1,4820170.0,47,7,197
1882,4820635.0,47,7,197
1508,4821475.0,47,7,197
1885,4836784.0,47,7,197
2213,4839432.0,47,7,197
3335,4839452.0,47,7,197
1167,4839658.0,47,7,197
2933,4840004.0,47,7,197
758,4840859.0,47,7,197
3148,4840879.0,47,7,197
1283,4841349.0,47,7,197
2109,4844440.0,47,7,197
4006,4844460.0,47,7,197
2665,4848819.0,47,7,197
802,4849771.0,47,7,197
3228,4849791.0,47,7,197
3310,4849811.0,47,7,197
2522,4850131.0,47,7,197
1045,4850597.0,47,7,197
3927,4850617.0,47,7,197
3516,4850637.0,47,7,197
174,4850747.0,47,7,197
1179,4851485.0,47,7,197
2019,4852382.0,47,7,197
2507,4852738.0,47,7,197
3449,4852758.0,47,7,197
2666,4861402.0,47,7,197
2232,4866189.0,47,7,197
4041,4866209.0,47,7,197
1184,4866835.0,47,7,197
871,4868026.0,47,7,197
1247,4868555.0,47,7,197
926,4869482.0,47,7,197
3178,4869502.0,47,7,197
222,4870337.0,47,7,197
2603,4874901.0,47,7,197
2954,4875691.0,47,7,197
4077,4875711.0,47,7,197
1856,4876492.0,47,7,197
3639,4876512.0,47,7,197
1519,4877213.0,47,7,197
963,4877678.0,47,7,197
2344,4878084.0,47,7,197
2926,4881308.0,47,7,197
2650,4882986.0,47,7,197
2302,4883979.0,47,7,197
3472,4883999.0,47,7,197
1398,4884465.0,47,7,197
359,4885030.0,47,7,197
2206,4885386.0,47,7,197
3375,4885406.0,47,7,197
452,4885779.0,47,7,197
1543,4886388.0,47,7,197
3807,4886408.0,47,7,197
3514,4886428.0,47,7,197
625,4887308.0,47,7,197
3945,4887328.0,47,7,197
1138,4887914.0,47,7,197
765,4889079.0,47,7,197
3258,4889099.0,47,7,197
2855,4890342.0,47,7,197
1342,4890650.0,47,7,197
2924,4905208.0,47,7,197
1270,4905674.0,47,7,197
3308,4905694.0,47,7,197
3338,4905714.0,47,7,197
3700,4905734.0,47,7,197
3800,4905754.0,47,7,197
119,4906829.0,47,7,197
3457,4906849.0,47,7,197
2363,4909345.0,47,7,197
1588,4910031.0,47,7,197
943,4910925.0,47,7,197
618,4911449.0,47,7,197
1435,4912293.0,47,7,197
3085,4912313.0,47,7,197
3763,4912333.0,47,7,197
271,4912719.0,47,7,197
1661,4913759.0,47,7,197
3857,4913779.0,47,7,197
3806,4913799.0,47,7,197
467,4914794.0,47,7,197
2887,4915796.0,47,7,197
72,4916854.0,47,7,197
1159,4917114.0,47,7,197
1217,4917386.0,47,7,197
2832,4918402.0,47,7,197
603,4919681.0,47,7,197
3707,4919701.0,47,7,197
3962,4919721.0,47,7,197
2850,4921011.0,47,7,197
3314,4921031.0,47,7,197
2191,4923631.0,47,7,197
3244,4923651.0,47,7,197
382,4924125.0,47,7,197
2036,4937945.0,47,7,197
3478,4937965.0,47,7,197
3552,4937985.0,47,7,197
3408,4938005.0,47,7,197
2034,4939723.0,47,7,197
1154,4940252.0,47,7,197
351,4940788.0,47,7,197
1914,4941536.0,47,7,197
429,4942156.0,47,7,197
2911,4942750.0,47,7,197
2582,4943133.0,47,7,197
1294,4943481.0,47,7,197
3904,4943501.0,47,7,197
132,4944037.0,47,7,197
1442,4945001.0,47,7,197
3679,4945021.0,47,7,197
2519,4946080.0,47,7,197
1250,4946352.0,47,7,197
2874,4947675.0,47,7,197
1730,4948602.0,47,7,197
911,4949589.0,47,7,197
634,4950299.0,47,7,197
646,4951337.0,47,7,197
1278,4951562.0,47,7,197
1115,4951988.0,47,7,197
3918,4952008.0,47,7,197
541,4952381.0,47,7,197
3153,4952401.0,47,7,197
2469,4952755.0,47,7,197
496,4953310.0,47,7,197
4057,4953330.0,47,7,197
3588,4953350.0,47,7,197
7,4954011.0,47,7,197
1017,4954955.0,47,7,197
2192,4957317.0,47,7,197
2040,4957726.0,47,7,197
2102,4958149.0,47,7,197
1515,4964398.0,47,7,197
3431,4964418.0,47,7,197
2094,4964750.0,47,7,197
3880,4964770.0,47,7,197
1619,4965697.0,47,7,197
823,4966933.0,47,7,197
3070,4966953.0,47,7,197
1335,4967579.0,47,7,197
1598,4968107.0,47,7,197
3430,4968127.0,47,7,197
2185,4971996.0,47,7,197
1849,4972696.0,47,7,197
1638,4973773.0,47,7,197
4099,4973793.0,47,7,197
2800,4974986.0,47,7,197
4034,4975006.0,47,7,197
1701,4975696.0,47,7,197
1939,4976568.0,47,7,197
3497,4976588.0,47,7,197
4029,4976608.0,47,7,197
4108,4976614.0,47,7,197
1129,4977019.0,47,7,197
2181,4987015.0,47,7,197
507,4989139.0,47,7,197
945,4990290.0,47,7,197
754,4991000.0,47,7,197
1665,4997030.0,47,7,197
759,4998094.0,47,7,197
194,4998477.0,47,7,197
212,4999023.0,47,7,197
2884,4999407.0,47,7,197
4128,4999413.0,47,7,197
295,5000262.0,47,7,197
3720,5000282.0,47,7,197
3112,5000302.0,47,7,197
154,5000412.0,47,7,197
3087,5000432.0,47,7,197
2504,5009004.0,47,7,197
3351,5009024.0,47,7,197
1339,5009282.0,47,7,197
1291,5009709.0,47,7,197
3837,5009729.0,47,7,197
3482,5009749.0,47,7,197
3539,5009769.0,47,7,197
3831,5009789.0,47,7,197
982,5010633.0,47,7,197
4009,5010653.0,47,7,197
1346,5010878.0,47,7,197
1109,5011424.0,47,7,197
1475,5012620.0,47,7,197
1194,5012893.0,47,7,197
3983,5012913.0,47,7,197
3269,5012933.0,47,7,197
3294,5012953.0,47,7,197
1793,5014206.0,47,7,197
736,5015345.0,47,7,197
594,5016034.0,47,7,197
1168,5016460.0,47,7,197
3445,5016480.0,47,7,197
3752,5016500.0,47,7,197
305,5016760.0,47,7,197
2054,5017143.0,47,7,197
2591,5017733.0,47,7,197
3502,5017753.0,47,7,197
1406,5018121.0,47,7,197
1310,5018379.0,47,7,197
2446,5023051.0,47,7,197
2796,5023620.0,47,7,197
3273,5023640.0,47,7,197
600,5024495.0,47,7,197
337,5025454.0,47,7,197
1180,5025761.0,47,7,197
2316,5029268.0,47,7,197
1211,5029625.0,47,7,197
1772,5030325.0,47,7,197
1324,5030730.0,47,7,197
654,5031529.0,47,7,197
4060,5031549.0,47,7,197
46,5031998.0,47,7,198
3651,5032018.0,47,7,198
1557,5032546.0,47,7,198
3777,5032566.0,47,7,198
2243,5033974.0,47,7,198
2195,5036654.0,47,7,198
3510,5036674.0,47,7,198
2753,5037162.0,47,7,198
3284,5037182.0,47,7,198
2893,5037494.0,47,7,198
471,5038351.0,47,7,198
2097,5050280.0,47,7,198
90,5051002.0,47,7,198
650,5052094.0,47,7,198
2115,5055599.0,47,7,198
2131,5056334.0,47,7,198
557,5057345.0,47,7,198
522,5057903.0,47,7,198
1047,5058446.0,47,7,198
1539,5060154.0,47,7,198
3121,5060174.0,47,7,198
3934,5060194.0,47,7,198
2545,5061019.0,47,7,198
2977,5061039.0,47,7,198
3925,5061059.0,47,7,198
1973,5062075.0,47,7,198
2083,5071137.0,47,7,198
110,5071673.0,47,7,198
2712,5072129.0,47,7,198
3055,5072149.0,47,7,198
3547,5072169.0,47,7,198
2132,5076429.0,47,7,198
372,5076785.0,47,7,198
312,5077224.0,47,7,198
3385,5077244.0,47,7,198
538,5077838.0,47,7,198
2000,5078827.0,47,7,198
420,5079894.0,47,7,198
2780,5083065.0,47,7,198
1229,5083731.0,47,7,198
226,5084555.0,47,7,198
52,5084851.0,47,7,198
2425,5086663.0,47,7,198
1971,5087866.0,47,7,198
475,5088640.0,47,7,198
3556,5088660.0,47,7,198
3863,5088680.0,47,7,198
2970,5088700.0,47,7,198
1123,5088972.0,47,7,198
2229,5090732.0,47,7,198
3811,5090752.0,47,7,198
584,5091921.0,47,7,198
1572,5093046.0,47,7,198
2237,5095498.0,47,7,198
1382,5096004.0,47,7,198
2592,5097813.0,47,7,198
1963,5099361.0,47,7,198
2138,5099766.0,47,7,198
1268,5100411.0,47,7,198
3415,5100431.0,47,7,198
2866,5102179.0,47,7,198
1069,5102451.0,47,7,198
582,5102903.0,47,7,198
2548,5103353.0,47,7,198
3523,5103373.0,47,7,198
3218,5103393.0,47,7,198
2157,5103836.0,47,7,198
1158,5104222.0,47,7,198
1451,5105183.0,47,7,198
846,5106200.0,47,7,198
4066,5106220.0,47,7,198
3271,5106240.0,47,7,198
1752,5107311.0,47,7,198
1425,5144984.0,47,7,198
1779,5146244.0,47,7,198
1610,5147552.0,47,7,198
3366,5147572.0,47,7,198
757,5148734.0,47,7,198
2158,5149024.0,47,7,198
18,5149630.0,47,7,198
755,5150650.0,47,7,198
137,5151666.0,47,7,198
2518,5154982.0,47,7,198
3021,5155002.0,47,7,198
341,5156284.0,47,7,198
3267,5156304.0,47,7,198
376,5156600.0,47,7,198
3995,5156620.0,47,7,198
3476,5156640.0,47,7,198
2605,5157356.0,47,7,198
1016,5158605.0,47,7,198
4073,5158625.0,47,7,198
2418,5160926.0,47,7,198
2116,5170057.0,47,7,198
3940,5170077.0,47,7,198
1548,5171155.0,47,7,198
2917,5171669.0,47,7,198
3715,5171689.0,47,7,198
2403,5173664.0,47,7,198
151,5174455.0,47,7,198
635,5176064.0,47,7,198
623,5176923.0,47,7,198
1859,5177978.0,47,7,198
1197,5178202.0,47,7,198
3492,5178222.0,47,7,198
3636,5178242.0,47,7,198
1333,5178868.0,47,7,198
1663,5179808.0,47,7,198
2573,5184391.0,47,7,198
1177,5184615.0,47,7,198
1026,5184935.0,47,7,198
3692,5184955.0,47,7,198
2914,5195115.0,47,7,198
188,5195441.0,47,7,198
1328,5196347.0,47,7,198
1153,5196553.0,47,7,198
1777,5197263.0,47,7,198
1113,5197690.0,47,7,198
974,5198826.0,47,7,198
103,5199152.0,47,7,198
1639,5200352.0,47,7,198
158,5201097.0,47,7,198
1687,5201858.0,47,7,198
3540,5201878.0,47,7,198
1796,5202632.0,47,7,198
3168,5202652.0,47,7,198
1464,5203087.0,47,7,198
2327,5203609.0,47,7,198
3508,5203629.0,47,7,198
2610,5204874.0,47,7,198
282,5205296.0,47,7,198
636,5206390.0,47,7,198
1832,5206798.0,47,7,198
1783,5207996.0,47,7,198
2209,5210474.0,47,7,198
961,5211929.0,47,7,198
2956,5215105.0,47,7,198
1967,5216088.0,47,7,198
2408,5225026.0,47,7,198
2421,5227861.0,47,7,198
3357,5227881.0,47,7,198
542,5229080.0,47,7,198
3936,5229100.0,47,7,198
3668,5229120.0,47,7,198
4083,5229140.0,47,7,198
741,5230116.0,47,7,198
2818,5230472.0,47,7,198
1569,5232395.0,47,7,198
3135,5232415.0,47,7,198
2807,5232835.0,47,7,198
3805,5232855.0,47,7,198
2913,5243884.0,47,7,198
3103,5243904.0,47,7,198
2463,5250156.0,47,7,198
1680,5251409.0,47,7,198
1120,5251915.0,47,7,198
2892,5252625.0,47,7,198
2872,5253411.0,47,7,198
1082,5253774.0,47,7,198
3125,5253794.0,47,7,198
1186,5254101.0,47,7,198
3784,5254121.0,47,7,198
3175,5254141.0,47,7,198
50,5254514.0,47,7,198
2735,5255523.0,47,7,198
2272,5260343.0,47,7,198
349,5260837.0,47,7,198
745,5261509.0,47,7,198
1225,5261733.0,47,7,198
3747,5261753.0,47,7,198
1441,5262967.0,47,7,198
812,5264046.0,47,7,198
3037,5264066.0,47,7,198
3146,5264086.0,47,7,198
2597,5264578.0,47,7,198
1469,5265503.0,47,7,198
2514,5268593.0,47,7,198
1668,5269617.0,47,7,198
3453,5269637.0,47,7,198
3769,5269657.0,47,7,198
721,5270689.0,47,7,198
1596,5273885.0,47,7,198
1176,5274091.0,47,7,198
2906,5282731.0,47,7,198
331,5283087.0,47,7,198
2948,5284028.0,47,7,198
1038,5284268.0,47,7,198
3015,5284288.0,47,7,198
2340,5293752.0,47,7,198
1927,5294654.0,47,7,198
78,5295158.0,47,7,198
207,5295596.0,47,7,198
1537,5297525.0,47,7,198
4052,5297545.0,47,7,198
1747,5298326.0,47,7,198
816,5299415.0,47,7,198
184,5300039.0,47,7,198
1013,5300754.0,47,7,198
2554,5301027.0,47,7,198
975,5301540.0,47,7,198
819,5302197.0,47,7,198
3027,5302217.0,47,7,198
1860,5303177.0,47,7,198
1846,5304675.0,47,7,198
723,5305558.0,47,7,198
882,5307031.0,47,7,198
955,5308223.0,47,7,198
1691,5309601.0,47,7,198
292,5310792.0,47,7,198
2150,5315509.0,47,7,198
2562,5316785.0,47,7,198
1200,5317251.0,47,7,198
673,5318624.0,47,7,198
2894,5324695.0,47,7,198
20,5325249.0,47,7,198
2285,5326035.0,47,7,198
2909,5328370.0,47,7,198
2479,5329980.0,47,7,198
1778,5330875.0,47,7,198
3905,5330895.0,47,7,198
2604,5336319.0,47,7,198
404,5336675.0,47,7,198
3961,5336695.0,47,7,198
464,5337539.0,47,7,198
592,5337948.0,47,7,198
1202,5338376.0,47,7,198
3770,5338396.0,47,7,198
1511,5339270.0,47,7,198
2197,5339685.0,47,7,198
2105,5343344.0,47,7,198
3843,5343364.0,47,7,198
743,5344742.0,47,7,198
366,5345702.0,47,7,198
65,5346187.0,47,7,198
3765,5346207.0,47,7,198
416,5346874.0,47,7,198
2429,5350165.0,47,7,198
1411,5350671.0,47,7,198
3732,5350691.0,47,7,198
2777,5358053.0,47,7,198
543,5358379.0,47,7,198
2773,5359733.0,47,7,198
1495,5361006.0,47,7,198
3647,5361026.0,47,7,198
1826,5361848.0,47,7,198
778,5363245.0,47,7,198
1526,5364154.0,47,7,198
3779,5364174.0,47,7,198
2740,5367147.0,47,7,198
2061,5368474.0,47,7,198
1645,5369104.0,47,7,198
3555,5369124.0,47,7,198
3346,5369144.0,47,7,198
2437,5369792.0,47,7,198
2575,5370630.0,47,7,198
2257,5372839.0,47,7,198
1806,5373626.0,47,7,198
1449,5397275.0,47,7,198
2843,5401653.0,47,7,198
3742,5401673.0,47,7,198
2782,5414675.0,47,7,198
2026,5415243.0,47,7,198
2979,5415263.0,47,7,198
3471,5415283.0,47,7,198
2689,5417562.0,47,7,198
190,5418477.0,47,7,198
1110,5418995.0,47,7,198
358,5419454.0,47,7,198
598,5420008.0,47,7,198
2489,5435003.0,47,7,198
993,5435864.0,47,7,198
3832,5435884.0,47,7,198
3210,5435904.0,47,7,198
1369,5436128.0,47,7,198
2965,5436148.0,47,7,198
3031,5436168.0,47,7,198
1805,5436807.0,47,7,198
2500,5440344.0,47,7,198
2962,5442011.0,47,7,198
2326,5449197.0,47,7,198
3762,5449217.0,47,7,198
1692,5450436.0,47,7,198
369,5451431.0,47,7,198
3421,5451451.0,47,7,198
828,5452613.0,47,7,198
1863,5453469.0,47,7,198
213,5454410.0,47,7,198
1042,5454956.0,47,7,198
783,5455890.0,47,7,198
285,5456506.0,47,7,198
1947,5457569.0,47,7,198
2663,5457941.0,47,7,198
2817,5458361.0,47,7,198
1428,5459837.0,47,7,198
2776,5460194.0,47,7,198
2534,5460636.0,47,7,198
1363,5460908.0,47,7,198
